36.36586,36.90649,37.105286,37.146919,37.129921,37.050396,37.065674,36.971508,36.92704,36.893875,36.909023,37.114376,37.133663,37.154442,37.098179,37.081738,37.010582,36.954048,36.985195,37.016098,37.048546,37.088593,37.122124,37.081661,37.088779,36.994911,36.979168,37.057884,37.070995,37.070671,37.046112,37.113098,37.096107,37.104561,37.056274,36.987885,37.031734,37.095894,37.130909,37.081802,37.024731,37.036999,37.080353,37.035275,36.978477,36.996082,37.071793,37.103699,37.082104,37.048962,37.037823,37.080425,37.038223,36.991974,36.994041,37.034958,37.064049,37.051079,37.038387,37.005486,36.955215,37.016266,36.995415,37.022881,37.022091,37.052109,37.062546,37.076641,36.986561,36.95805,36.948845,36.979572,36.987617,37.017536,37.059761,37.035599,37.0075,37.030613,36.957432,36.948814,36.913948
36.917664,36.352348,36.956303,37.140533,37.143867,37.108284,37.066063,37.051178,36.967834,37.026741,36.858784,36.995579,37.108116,37.140064,37.143703,37.118603,37.061699,36.992527,37.05014,37.033379,37.030083,37.105175,37.129761,37.128223,37.130325,37.093597,37.070137,37.058056,37.047165,37.070293,37.055984,37.053867,37.110786,37.109142,37.068348,37.033466,37.055702,37.038486,37.092564,37.123146,37.084866,37.037811,37.07914,37.058323,37.061417,37.06749,37.009789,37.069798,37.077599,37.107471,37.031387,37.042068,37.056789,37.06382,37.054848,37.013947,37.071915,37.069717,37.072269,37.090172,36.989494,36.981506,37.032459,37.035519,36.995834,37.032059,37.067711,37.076874,37.019779,37.052128,37.014107,36.99609,36.98362,37.007393,37.052414,37.054695,37.046124,37.073681,37.047058,37.020439,36.975285
37.135254,36.998085,36.402557,36.991745,37.118141,37.195438,37.123859,37.102448,37.069481,37.142895,37.022453,36.947483,37.004635,37.126274,37.139717,37.146576,37.128609,37.102886,37.089489,37.124542,37.053493,37.076729,37.086544,37.127934,37.091927,37.11705,37.117004,37.096134,37.137028,37.121666,37.131065,37.116932,37.104477,37.074062,37.168877,37.103333,37.121803,37.113884,37.09473,37.152035,37.113625,37.107101,37.099747,37.105984,37.117252,37.139267,37.124706,37.045769,37.125858,37.14336,37.145332,37.070549,37.052757,37.135319,37.101547,37.093979,37.060844,37.087879,37.101082,37.126621,37.071869,37.02618,37.02771,37.061344,37.091797,37.09293,37.110199,37.083572,37.093483,37.103935,37.074966,37.063667,37.092239,37.048409,37.066055,37.103508,37.091892,37.101749,37.058407,37.104683,37.064213
37.150757,37.123993,36.978703,36.370773,36.955574,37.135708,37.168312,37.085064,37.076248,37.127586,37.091103,37.079586,36.902626,36.934837,37.081314,37.136501,37.098282,37.108124,37.06094,37.116943,37.093246,37.037983,37.036102,37.091057,37.10075,37.110798,37.099571,37.059299,37.081532,37.093643,37.081532,37.071968,37.074718,37.070595,37.10437,37.073174,37.056015,37.082909,37.058254,37.103275,37.072189,37.065605,37.093712,37.062546,37.041779,37.062599,37.068214,37.087955,37.019375,37.097515,37.105988,37.082752,37.019741,37.028107,37.086426,37.076031,37.031254,37.031326,37.062637,37.104019,37.102978,37.024731,37.006771,37.056786,37.078045,37.043503,37.036659,37.035435,37.027657,37.081619,37.056446,37.051952,36.99437,37.051601,37.070358,37.033447,37.051979,37.062954,37.052856,37.067589,37.066845
37.132938,37.178349,37.112549,36.950218,36.367981,36.985073,37.11533,37.168533,37.074574,37.092091,37.110992,37.158707,37.062614,36.887482,36.952816,37.109951,37.139622,37.137192,37.083755,37.125587,37.138805,37.161827,37.032124,37.049049,37.07917,37.117001,37.139317,37.094997,37.108299,37.119205,37.1427,37.060093,37.095238,37.096054,37.100502,37.10107,37.084755,37.103207,37.073711,37.129429,37.067017,37.079704,37.101563,37.058697,37.027985,37.102402,37.094147,37.091831,37.071953,37.051357,37.087509,37.087132,37.071308,36.992817,37.028999,37.065529,37.112518,37.048042,37.032162,37.075348,37.089737,37.085602,37.021168,37.038719,37.070816,37.093128,37.064133,37.01429,37.045696,37.110092,37.111095,37.041489,37.001476,37.058044,37.114357,37.064346,37.039139,37.075726,37.078838,37.047504,37.072491
37.105736,37.124783,37.230278,37.160412,36.994804,36.433937,37.020691,37.179909,37.218903,37.159878,37.175262,37.213905,37.17598,37.041092,36.941727,37.001102,37.13343,37.202057,37.125839,37.142929,37.161449,37.171124,37.1479,37.098289,37.115417,37.11409,37.151569,37.111336,37.134785,37.13501,37.171707,37.129608,37.117889,37.140495,37.170071,37.102028,37.081608,37.122227,37.146851,37.124294,37.106213,37.120888,37.165871,37.154816,37.120518,37.073486,37.118576,37.13485,37.153271,37.147957,37.098446,37.160706,37.117622,37.168133,37.032333,37.10944,37.115059,37.158295,37.103432,37.083344,37.115196,37.107468,37.106739,37.022068,37.103584,37.125385,37.145077,37.102161,37.056847,37.096935,37.097057,37.1283,37.006653,37.054169,37.135056,37.147831,37.073193,37.040531,37.077702,37.077492,37.092175
37.093117,37.127083,37.161552,37.195793,37.15414,37.023529,36.400723,37.017887,37.174805,37.10556,37.155643,37.177567,37.181561,37.145111,37.074806,36.895607,36.987453,37.142174,37.104362,37.140621,37.161472,37.187443,37.179432,37.151714,37.036953,37.054134,37.080498,37.090687,37.156502,37.158531,37.154518,37.126129,37.164642,37.127876,37.112324,37.102768,37.089916,37.122471,37.144875,37.144585,37.088581,37.138168,37.144928,37.120579,37.114506,37.029049,37.031368,37.136589,37.134098,37.146706,37.15358,37.074528,37.134937,37.124626,37.02187,37.048801,37.061306,37.11887,37.125134,37.09103,37.082504,37.102673,37.107338,36.993919,37.04599,37.099499,37.124149,37.129456,37.070236,37.073135,37.126392,37.138592,36.9772,37.04969,37.084724,37.11758,37.117256,37.10247,37.053814,37.074352,37.120506
37.048489,37.125355,37.12315,37.166996,37.201733,37.209602,37.015888,36.411469,36.990833,37.099621,37.131378,37.171711,37.181313,37.159473,37.161106,37.094551,36.915279,37.032177,37.088028,37.161251,37.156242,37.164658,37.164253,37.132755,37.140228,37.070637,37.06601,37.073589,37.095772,37.141068,37.194145,37.142216,37.177322,37.142876,37.145443,37.107918,37.042931,37.088936,37.140987,37.135639,37.134979,37.127121,37.147041,37.123123,37.130226,37.066341,37.039936,37.068592,37.110435,37.175804,37.193031,37.126411,37.064568,37.134861,37.023132,37.034119,37.045738,37.108971,37.100914,37.166344,37.087231,37.053982,37.073383,36.97794,37.045128,37.080826,37.100815,37.128738,37.111294,37.108917,37.058338,37.108997,36.922707,37.015541,37.064682,37.116512,37.132885,37.097153,37.087635,37.038166,37.10379
37.036053,37.061222,37.117977,37.135235,37.176899,37.266689,37.204117,37.006039,36.420078,37.076843,37.14555,37.172207,37.172146,37.194565,37.203766,37.181572,37.107662,36.919418,37.063869,37.124588,37.177856,37.182678,37.201454,37.183567,37.187698,37.133373,37.09919,37.040829,37.103989,37.135986,37.172646,37.162441,37.185333,37.175434,37.195389,37.134197,37.022976,37.068592,37.140495,37.157242,37.140835,37.145077,37.167477,37.173344,37.144375,37.018162,37.077946,37.087307,37.100712,37.139824,37.184578,37.135681,37.150528,37.090591,36.977413,37.038445,37.046597,37.09235,37.083447,37.140224,37.128662,37.109451,37.077229,36.99287,37.036736,37.031738,37.088093,37.13102,37.10854,37.170586,37.123581,37.071911,36.926926,36.967842,37.040058,37.083405,37.136681,37.10796,37.143036,37.113075,37.080101
36.919636,37.022018,37.142384,37.143806,37.106064,37.122932,37.056854,37.068058,37.000996,36.366379,36.960197,37.138676,37.199181,37.125916,37.053894,37.056213,36.996223,36.973213,36.861298,36.980667,37.111374,37.145813,37.176476,37.081085,37.082714,37.003719,36.970264,37.009464,37.067604,37.069817,37.106148,37.095406,37.11327,37.091724,37.067795,36.939838,37.090206,37.131226,37.138359,37.093132,37.098137,37.10408,37.086433,37.077724,37.008499,37.101242,37.103989,37.133976,37.115551,37.079502,37.131847,37.11327,37.070789,37.041019,37.025368,37.111176,37.132378,37.117229,37.02103,37.042061,37.064087,37.054352,36.996407,37.070515,37.078873,37.103649,37.127502,37.069782,37.016159,37.021423,37.03754,37.022621,37.04044,37.051624,37.09861,37.069973,37.095356,37.076138,37.024368,36.972553,37.014458
36.965279,36.876057,37.039665,37.115799,37.133316,37.142246,37.084068,37.090927,37.044098,36.950928,36.348392,36.975777,37.131428,37.16283,37.094349,37.07999,37.078537,36.985851,37.011932,36.901226,36.982853,37.101219,37.175217,37.12738,37.105484,37.071339,37.013084,37.071835,37.03072,37.042404,37.082375,37.076736,37.136051,37.108276,37.088985,37.037445,37.096233,37.08902,37.111412,37.115547,37.087677,37.07114,37.117775,37.08633,37.108337,37.102547,37.076595,37.117039,37.159725,37.135269,37.103104,37.116615,37.097988,37.107605,37.091042,37.027287,37.102974,37.12315,37.135117,37.052502,37.029301,37.072327,37.06102,37.086853,37.039227,37.084843,37.1343,37.095985,37.079582,37.020741,37.00869,37.083942,37.045792,37.048325,37.081448,37.049824,37.077297,37.07473,37.07338,37.017242,37.002129
37.095989,36.976788,36.901947,37.062267,37.111824,37.151688,37.11092,37.094322,37.081398,37.12962,36.955688,36.401939,37.013874,37.137207,37.145374,37.090271,37.048882,37.074421,37.075909,37.032059,36.883369,36.979385,37.120789,37.134853,37.091858,37.085686,37.063347,37.064709,37.064995,37.031075,37.048271,37.055229,37.087852,37.104469,37.132637,37.064041,37.097458,37.09594,37.100819,37.099098,37.118927,37.103897,37.134144,37.089149,37.067993,37.077087,37.079365,37.096302,37.121552,37.149639,37.114075,37.065109,37.084179,37.111988,37.104572,37.0816,37.040462,37.102066,37.118858,37.100971,37.041153,37.018494,37.058968,37.084824,37.090725,37.03812,37.074402,37.098755,37.063614,37.040714,36.993004,36.988701,37.047039,37.078796,37.032894,37.072784,37.059929,37.060699,37.050728,37.041698,36.993317
37.21751,37.138298,37.007164,36.894554,37.052238,37.174515,37.179626,37.132622,37.120659,37.19627,37.141216,37.048306,36.399479,36.950756,37.159836,37.191769,37.110245,37.085213,37.11652,37.16272,37.078266,36.926327,36.957775,37.109234,37.140949,37.157589,37.159351,37.10722,37.09721,37.147934,37.061134,37.035149,37.082924,37.107052,37.166428,37.123592,37.112976,37.109089,37.184059,37.09692,37.105385,37.100849,37.147724,37.120701,37.118912,37.155678,37.056652,37.113525,37.10923,37.12891,37.157097,37.099827,37.115562,37.11853,37.124676,37.111088,37.153332,37.036896,37.113426,37.169861,37.138626,37.055832,37.014233,37.065266,37.112206,37.114151,37.069351,37.083069,37.094963,37.117062,37.093498,37.026558,37.069466,37.09256,37.124168,37.050041,37.075691,37.075363,37.088425,37.099567,37.067799
37.216541,37.183273,37.132629,37.006439,36.91629,37.104481,37.166378,37.166267,37.125011,37.135738,37.184662,37.191299,37.011036,36.40609,37.003868,37.142635,37.182621,37.127163,37.147041,37.192627,37.177452,37.081142,36.90337,36.992233,37.130615,37.162937,37.163319,37.108448,37.129665,37.144676,37.14687,37.049232,37.070145,37.101154,37.111984,37.122936,37.104565,37.160873,37.124073,37.160362,37.109875,37.091827,37.085144,37.103722,37.114056,37.134163,37.150455,37.145542,37.143326,37.139668,37.133171,37.086681,37.10479,37.092892,37.097977,37.1283,37.146957,37.123924,37.073971,37.117863,37.130512,37.107651,37.016685,37.044243,37.08709,37.125687,37.069675,37.04369,37.084969,37.11013,37.117668,37.070736,37.009903,37.074177,37.111507,37.109638,37.068916,37.079346,37.097977,37.081551,37.058228
37.200768,37.163509,37.190708,37.122395,36.98975,36.928772,37.069572,37.146076,37.169487,37.083652,37.134167,37.197071,37.156326,36.948818,36.393734,36.978294,37.113968,37.173599,37.148758,37.147259,37.196167,37.141701,37.067436,36.941257,36.964703,37.099144,37.165421,37.1362,37.101116,37.119896,37.129646,37.103695,37.070183,37.060398,37.089943,37.102806,37.098621,37.117199,37.067432,37.117958,37.110779,37.080524,37.118946,37.082207,37.093853,37.135284,37.125328,37.125782,37.118076,37.164921,37.137825,37.128956,37.149799,37.117699,37.059166,37.097733,37.108418,37.144005,37.094578,37.078072,37.140907,37.117702,37.088192,37.054962,37.070488,37.119087,37.098583,37.076324,37.028149,37.10257,37.075119,37.111931,36.97541,37.053993,37.088665,37.102486,37.102627,37.037758,37.092175,37.113884,37.084877
37.175842,37.170372,37.190994,37.172192,37.14534,37.019558,36.920277,37.10257,37.168991,37.110912,37.133335,37.152794,37.182632,37.164894,37.000809,36.396038,36.988819,37.157757,37.121166,37.161102,37.165981,37.185966,37.166111,37.062027,36.921295,36.96244,37.114986,37.10075,37.134892,37.129097,37.151886,37.125202,37.11964,37.029137,37.07093,37.084423,37.080147,37.143764,37.108208,37.106693,37.099415,37.095364,37.108952,37.134445,37.084446,37.077656,37.122616,37.134872,37.15237,37.159706,37.173283,37.105453,37.098568,37.129761,37.049385,37.078091,37.14048,37.131084,37.179428,37.131382,37.056229,37.130733,37.10965,37.009918,37.054985,37.074741,37.142624,37.134785,37.118393,37.06588,37.094044,37.120365,36.983818,37.047012,37.093945,37.091599,37.112221,37.089973,37.052673,37.08543,37.087547
37.100021,37.16275,37.188549,37.184883,37.184811,37.185661,36.999298,36.956676,37.126671,37.016171,37.112988,37.162922,37.164444,37.195202,37.159805,36.980183,36.384491,37.028091,37.081619,37.158932,37.16066,37.164856,37.17178,37.175388,37.068901,36.893795,36.993053,37.077385,37.140526,37.133598,37.136143,37.130093,37.110165,37.110371,37.066093,37.051792,37.072369,37.112335,37.157673,37.129776,37.110886,37.089874,37.166832,37.12793,37.104904,37.073483,37.113983,37.116013,37.134315,37.165806,37.149597,37.112854,37.128216,37.128288,37.031364,37.038116,37.069592,37.118835,37.120335,37.162384,37.10371,37.06226,37.119961,36.999733,37.018078,37.038746,37.11594,37.117077,37.119606,37.101234,37.109653,37.118889,36.945538,36.994308,37.06192,37.109226,37.12286,37.111839,37.10363,37.079803,37.088463
37.028629,37.068249,37.129929,37.132977,37.172245,37.208763,37.173382,37.001217,36.927845,37.014465,37.040295,37.133827,37.117001,37.144855,37.197411,37.161259,37.002712,36.421757,37.095505,37.147682,37.143326,37.178234,37.170853,37.173061,37.158573,37.075794,36.940041,37.052025,37.113846,37.182278,37.154579,37.147213,37.127964,37.131523,37.139687,37.065681,37.043732,37.115959,37.123756,37.158657,37.142216,37.129818,37.138786,37.148712,37.126163,37.038246,37.061417,37.098133,37.118073,37.15102,37.18251,37.13438,37.160049,37.130299,36.997952,37.038338,37.0839,37.084724,37.101646,37.15794,37.146843,37.127556,37.013103,37.004253,37.054852,37.054073,37.094234,37.094509,37.065262,37.15123,37.145367,37.072948,36.961979,37.005024,37.041397,37.070564,37.099777,37.081532,37.116417,37.098381,37.06559
37.073921,37.121944,37.142006,37.15134,37.097679,37.130703,37.112076,37.078072,37.009815,36.919937,37.041058,37.121502,37.153511,37.113026,37.091942,37.108131,37.04771,37.034977,36.377083,36.984261,37.1166,37.147747,37.119099,37.056461,37.048454,36.971237,36.987701,36.910671,37.010517,37.082008,37.153152,37.137077,37.155624,37.0993,36.999153,36.924244,37.061619,37.084705,37.111187,37.143242,37.157928,37.121475,37.13203,37.057766,36.963104,37.136909,37.142078,37.129246,37.1063,37.178638,37.180363,37.102516,37.112091,37.03701,37.100601,37.126598,37.144638,37.141029,37.071922,37.114536,37.100983,37.073093,37.030388,37.043129,37.135406,37.143749,37.130512,37.053535,37.009323,37.097244,37.080898,37.02491,37.077938,37.112808,37.133621,37.133656,37.082943,37.02898,36.998779,37.032272,37.049797
37.106106,37.049973,37.129707,37.121136,37.141121,37.115391,37.108189,37.115589,37.087341,37.012184,36.926392,37.059311,37.171398,37.137085,37.076576,37.087486,37.0839,37.094425,36.947323,36.377613,36.971554,37.170639,37.198635,37.103287,37.043709,37.065533,36.987396,37.031937,36.903885,36.944412,37.072868,37.124596,37.149929,37.110653,37.065193,36.995941,37.089794,37.023937,37.063938,37.095505,37.108406,37.101902,37.142208,37.076134,37.082989,37.140713,37.074966,37.102081,37.137341,37.122398,37.125038,37.096535,37.076241,37.076466,37.139198,37.102787,37.115978,37.151707,37.131752,37.07304,37.087036,37.095524,37.075756,37.134109,37.031185,37.130333,37.174477,37.113747,37.056774,37.039871,37.08873,37.096371,37.112469,37.052231,37.096725,37.079155,37.114281,37.064873,37.020767,37.01239,37.084534
37.146027,37.091908,37.102615,37.149597,37.098129,37.156326,37.11927,37.122761,37.155151,37.116898,36.972771,36.942909,37.064205,37.127987,37.111721,37.086914,37.085575,37.136742,37.126938,36.996292,36.391281,36.99939,37.135296,37.128197,37.085365,37.022671,37.07085,37.097252,37.059776,36.932129,36.988232,37.077381,37.132236,37.122971,37.112659,37.064934,37.109737,37.086136,37.07019,37.035187,37.062023,37.086811,37.135674,37.105103,37.09951,37.112793,37.119678,37.124973,37.120937,37.108505,37.131187,37.083862,37.143719,37.115639,37.142612,37.110668,37.11367,37.11734,37.106918,37.124905,37.054688,37.06778,37.118431,37.148014,37.151073,37.043655,37.130959,37.088608,37.113461,37.048615,37.026096,37.098587,37.108055,37.127522,37.09082,37.089661,37.107384,37.091061,37.087234,37.036812,37.022774
37.169327,37.121853,37.128418,37.092709,37.147602,37.172112,37.170528,37.171207,37.150322,37.20266,37.143562,37.061562,36.977741,37.069546,37.172245,37.178291,37.099613,37.130085,37.187607,37.17564,37.020458,36.437271,37.003231,37.135937,37.161263,37.10828,37.0919,37.154259,37.158146,37.085548,36.96122,36.99572,37.118999,37.200176,37.194893,37.136112,37.143005,37.12318,37.171669,37.072796,37.081379,37.102966,37.166447,37.178787,37.158401,37.176468,37.163609,37.177071,37.140396,37.135368,37.148903,37.130798,37.168152,37.214573,37.163109,37.151127,37.196056,37.147709,37.163311,37.182678,37.181465,37.105328,37.129181,37.163895,37.186668,37.153763,37.089237,37.100437,37.164394,37.166283,37.097736,37.063946,37.09528,37.15799,37.150631,37.093826,37.106148,37.134277,37.165703,37.08947,37.070618
37.257462,37.187748,37.16703,37.08094,37.091911,37.173801,37.180996,37.174377,37.162071,37.2164,37.242561,37.193233,36.998932,36.94099,37.100933,37.17643,37.169758,37.141228,37.121723,37.219524,37.189087,37.017616,36.430737,37.01696,37.163486,37.168514,37.138924,37.142502,37.185986,37.18845,37.085793,36.958862,37.022339,37.11879,37.163605,37.127522,37.161526,37.157059,37.156639,37.148468,37.051884,37.092766,37.129837,37.142632,37.144505,37.186749,37.168152,37.177509,37.179401,37.150665,37.158932,37.112709,37.146156,37.158463,37.157227,37.125648,37.135139,37.121635,37.146412,37.151295,37.193748,37.156948,37.074673,37.145546,37.184948,37.181515,37.124779,37.050121,37.152714,37.194626,37.169098,37.103382,37.079319,37.126942,37.164368,37.108009,37.1017,37.09848,37.15913,37.153355,37.116035
37.186401,37.173275,37.172131,37.097748,37.070202,37.103924,37.157177,37.135818,37.14666,37.161701,37.15992,37.206478,37.119034,36.984116,36.931225,37.073799,37.124001,37.149021,37.090572,37.134293,37.185646,37.119301,36.987122,36.392391,36.980061,37.133213,37.171913,37.109707,37.118095,37.16103,37.128963,37.025803,36.916313,36.995529,37.106678,37.133934,37.116123,37.124905,37.124485,37.106976,37.11837,37.043625,37.065414,37.090332,37.118935,37.146423,37.11227,37.112049,37.12751,37.17733,37.138397,37.13459,37.10173,37.140549,37.111244,37.091415,37.134899,37.098648,37.095924,37.129799,37.143867,37.106834,37.105713,37.024712,37.095417,37.148819,37.152199,37.095737,37.031494,37.169434,37.153084,37.143402,36.982765,37.079967,37.110527,37.101448,37.094849,37.056728,37.105957,37.118423,37.108932
37.158173,37.22998,37.162712,37.154839,37.132553,37.113117,37.079617,37.128605,37.174297,37.129406,37.151333,37.193588,37.200249,37.126289,36.951469,36.894611,37.059681,37.172161,37.069145,37.087776,37.129234,37.168705,37.159431,36.945595,36.389713,36.95158,37.150337,37.089928,37.091145,37.121006,37.138699,37.135273,37.017017,36.892555,36.963005,37.081207,37.091591,37.155769,37.091862,37.119896,37.076653,37.076447,37.048916,37.047546,37.075356,37.105186,37.120293,37.149395,37.122078,37.169186,37.162197,37.098454,37.075485,37.120239,37.069355,37.074924,37.093838,37.111542,37.144714,37.115078,37.083672,37.1017,37.101822,37.009834,37.053535,37.082981,37.145351,37.119205,37.090996,37.030445,37.128433,37.127613,36.974216,37.029461,37.082649,37.116997,37.118214,37.074089,37.079025,37.044128,37.106152
37.107624,37.12056,37.169033,37.151146,37.157837,37.118324,37.052292,37.085548,37.169548,37.025158,37.111996,37.194069,37.202778,37.14439,37.090256,36.977467,36.88604,37.09383,36.987431,37.093105,37.096455,37.130859,37.151646,37.130417,36.967331,36.367516,37.002388,37.05928,37.09576,37.168335,37.121124,37.112148,37.094158,37.046402,36.90556,36.952927,37.06118,37.110233,37.116196,37.101604,37.066502,37.075653,37.086594,37.050392,37.044334,37.048717,37.069431,37.122807,37.124886,37.117401,37.118637,37.111649,37.133118,37.08012,37.018448,37.05299,37.101894,37.088421,37.104069,37.115788,37.122608,37.124531,37.096409,37.00729,37.022217,37.029644,37.102486,37.089607,37.10733,37.093189,37.07378,37.089264,36.943199,36.988819,37.02734,37.049767,37.100502,37.063858,37.095612,37.046158,37.061459
37.038216,37.116127,37.12825,37.142139,37.156254,37.159637,37.096863,37.039841,37.050369,36.97673,37.039421,37.153847,37.160069,37.151237,37.15509,37.126785,36.97813,36.906822,36.947411,37.017258,37.073769,37.125343,37.126755,37.157684,37.130322,36.951054,36.374031,36.984116,37.080833,37.09206,37.123489,37.113548,37.124134,37.109077,37.053951,36.889412,37.049347,37.063438,37.110935,37.078991,37.082401,37.069431,37.092464,37.096115,37.037449,37.009071,37.000755,37.082287,37.094311,37.138069,37.08445,37.115055,37.131752,37.126438,36.980785,37.008587,37.067089,37.114113,37.079208,37.117599,37.082626,37.117367,37.07201,36.997761,37.011749,37.013737,37.05109,37.047623,37.104877,37.115101,37.093834,37.06015,36.936985,36.985172,36.963371,36.982121,37.067963,37.100208,37.105011,37.065701,37.049484
37.12656,37.128624,37.118919,37.088875,37.111328,37.12867,37.056656,37.065197,37.00787,37.052006,37.087715,37.100758,37.133224,37.079933,37.106773,37.076042,37.074646,37.010242,36.889141,37.043682,37.119812,37.132725,37.101997,37.08823,37.086765,37.011475,37.00248,36.347309,36.99448,37.102848,37.155468,37.080418,37.060432,37.032433,36.988892,36.89782,36.921066,36.953751,37.105022,37.127167,37.142036,37.096306,37.100391,36.988499,36.926491,37.046207,36.999374,37.068668,37.108494,37.162773,37.150272,37.108589,37.055099,36.986004,37.071243,37.073349,37.111206,37.093132,37.12252,37.123138,37.096245,37.112644,37.00771,37.108349,37.126312,37.101181,37.109085,37.031647,37.105873,37.112213,37.096352,37.042831,37.023628,37.097294,37.134483,37.09539,37.0373,36.985611,37.060665,37.087597,37.010921
37.119335,37.132019,37.118893,37.119003,37.130016,37.122932,37.094128,37.053699,37.047493,37.06287,37.018261,37.131836,37.115383,37.092949,37.046066,37.083103,37.093102,37.098534,36.978897,36.895252,37.046688,37.137074,37.121464,37.073666,37.085697,37.066902,37.077251,36.959263,36.370148,36.938828,37.101456,37.129314,37.085629,37.045853,37.033146,36.948261,37.022369,36.880596,36.939011,37.106468,37.114426,37.08857,37.118221,37.0392,37.000195,37.08857,37.019611,37.025677,37.077076,37.129005,37.09967,37.093643,37.093822,37.044861,37.088551,37.060352,37.077061,37.095901,37.094238,37.089012,37.072174,37.084595,37.078709,37.125763,37.073105,37.097927,37.138897,37.103645,37.030418,37.049995,37.093437,37.093933,37.108517,37.022644,37.095097,37.131306,37.107914,36.999863,37.005482,37.080627,37.087471
37.157387,37.138855,37.163128,37.16613,37.141727,37.177696,37.136616,37.148293,37.085724,37.130455,37.062248,37.092899,37.154858,37.101536,37.150616,37.107193,37.104012,37.161934,37.09729,36.991276,36.948048,37.085857,37.168278,37.146042,37.13472,37.091965,37.104515,37.112114,36.967949,36.396381,36.97963,37.139809,37.168598,37.116032,37.080097,37.02005,37.103287,37.045609,36.906715,36.983131,37.096222,37.149994,37.171101,37.115204,37.076035,37.085609,37.084263,37.051815,37.069023,37.11845,37.12862,37.132401,37.135014,37.141701,37.111855,37.114265,37.094929,37.110588,37.118336,37.097145,37.095806,37.126831,37.164589,37.116253,37.169701,37.15295,37.149429,37.095078,37.120678,37.080505,37.113003,37.118629,37.108795,37.129902,37.078426,37.104286,37.146366,37.132729,37.033669,37.029182,37.123581
37.132309,37.127251,37.168633,37.137161,37.140305,37.193176,37.134518,37.15453,37.13092,37.127396,37.101719,37.104061,37.069984,37.112091,37.136875,37.116554,37.123821,37.181389,37.168533,37.096565,37.000977,36.940014,37.047905,37.132027,37.145069,37.119247,37.12101,37.118935,37.122772,36.989639,36.402325,36.97641,37.137241,37.160904,37.122913,37.058136,37.119946,37.092991,37.045197,36.894054,36.954468,37.099728,37.166706,37.139503,37.112076,37.109341,37.066124,37.125134,37.031284,37.095123,37.127102,37.150417,37.147587,37.139542,37.076233,37.095558,37.119442,37.100574,37.098782,37.115826,37.076523,37.138405,37.138844,37.134842,37.128075,37.141533,37.126015,37.082638,37.114216,37.132919,37.094124,37.098682,37.091923,37.132195,37.14946,37.052467,37.097786,37.120529,37.133247,37.059639,37.053131
37.175537,37.14539,37.171062,37.118713,37.121445,37.178059,37.131042,37.114071,37.136471,37.159492,37.152447,37.16457,37.092312,37.079399,37.148308,37.126068,37.135052,37.128593,37.158653,37.210209,37.132233,37.018097,36.968151,37.057343,37.134155,37.165966,37.1213,37.127617,37.23637,37.168789,37.019619,36.389725,36.996311,37.138474,37.19117,37.09808,37.141594,37.1521,37.157158,37.068562,36.907822,36.988079,37.10302,37.164883,37.164532,37.189312,37.179741,37.139423,37.136269,37.109875,37.099754,37.107101,37.142494,37.17852,37.180374,37.123497,37.149193,37.166431,37.131927,37.137993,37.127903,37.120594,37.109467,37.158119,37.166016,37.141838,37.141918,37.116936,37.124897,37.163139,37.129471,37.086929,37.079338,37.151588,37.142414,37.108406,37.030434,37.105221,37.148174,37.146675,37.080429
37.189285,37.138851,37.160908,37.168957,37.168575,37.190765,37.182365,37.169441,37.178654,37.159199,37.159508,37.205978,37.131523,37.088181,37.100109,37.154686,37.15012,37.167267,37.154766,37.182449,37.168186,37.139404,37.022415,36.935078,37.085365,37.147705,37.155804,37.109978,37.129082,37.21994,37.168156,36.992352,36.406654,37.016068,37.182213,37.145481,37.129295,37.13652,37.180794,37.151886,37.049934,36.888779,37.008232,37.124027,37.176357,37.180931,37.150227,37.164604,37.1353,37.176071,37.099846,37.089775,37.063454,37.18499,37.142033,37.119705,37.131016,37.122135,37.147118,37.133896,37.117554,37.133038,37.10001,37.120129,37.138264,37.144588,37.098442,37.122662,37.098679,37.167297,37.15176,37.170826,37.048794,37.113186,37.148907,37.13942,37.126873,37.051788,37.137398,37.136703,37.168018
37.134605,37.189301,37.146343,37.107368,37.118793,37.156731,37.105602,37.129288,37.09626,37.134384,37.111595,37.20409,37.119499,37.11179,37.038147,37.03487,37.097374,37.129997,37.09613,37.118179,37.136734,37.178391,37.096245,36.965202,36.868599,37.023701,37.119492,37.05312,37.037727,37.114811,37.186302,37.149933,36.971043,36.352341,36.952271,37.098495,37.083195,37.117607,37.08947,37.120651,37.108196,37.014122,36.895626,36.924519,37.079231,37.124771,37.113121,37.108475,37.098728,37.137981,37.096039,37.034985,37.014545,37.052383,37.060833,37.0672,37.098118,37.089256,37.11338,37.112144,37.073463,37.073826,37.073116,37.04166,37.084126,37.075108,37.094082,37.059525,37.083607,37.060177,37.122662,37.123531,36.957855,37.002899,37.065548,37.098564,37.100567,37.077122,36.984886,37.059349,37.099007
37.138287,37.173748,37.193684,37.162426,37.112099,37.153187,37.127224,37.155388,37.188423,37.118221,37.149479,37.207619,37.185234,37.119823,37.11475,37.062248,37.054455,37.142509,37.058739,37.148716,37.173573,37.200142,37.162697,37.122185,36.985302,36.895439,37.066811,36.985706,37.077797,37.089745,37.112549,37.132221,37.132889,36.938843,36.377598,36.966755,37.041351,37.128738,37.123009,37.08548,37.104019,37.088177,37.024555,36.881905,36.969368,37.070969,37.093575,37.139446,37.094151,37.112995,37.084778,37.078354,37.01944,37.02932,37.042404,37.094398,37.116524,37.087208,37.0951,37.102016,37.123703,37.117996,37.091309,36.98571,37.077919,37.103519,37.10054,37.090748,37.086605,37.143879,37.137951,37.138008,36.971943,37.003784,37.056446,37.0728,37.106964,37.114853,37.100796,37.028656,37.135098
37.070042,37.137981,37.183701,37.163109,37.185577,37.171608,37.118042,37.149689,37.161221,37.054276,37.107979,37.197536,37.195198,37.169743,37.172714,37.103577,37.081726,37.098698,37.011444,37.089157,37.137299,37.209347,37.161377,37.175377,37.137592,36.968681,36.927692,36.949913,37.02087,37.079533,37.108902,37.10717,37.196438,37.121605,36.971485,36.341209,37.003708,37.071396,37.101181,37.14167,37.126682,37.120243,37.126644,37.052216,36.894382,37.049812,37.081245,37.142532,37.129181,37.114407,37.111538,37.105793,37.13633,37.074104,37.045475,37.071384,37.103401,37.126228,37.10643,37.095898,37.110909,37.129059,37.099277,36.995598,37.040642,37.084755,37.123226,37.103119,37.134159,37.116283,37.18306,37.116898,36.969551,37.019955,37.067398,37.072796,37.12027,37.115696,37.127262,37.111,37.06678
37.091347,37.120621,37.11441,37.14064,37.102417,37.098133,37.041412,37.015488,36.958885,37.117268,37.08194,37.151634,37.091885,37.136017,37.106804,37.100342,37.054905,37.030239,37.03772,37.110134,37.102596,37.137688,37.082134,37.117233,37.076958,37.031857,37.030945,36.888557,37.031605,37.087181,37.116341,37.088177,37.073685,37.073246,37.009193,36.952736,36.356926,36.934265,37.114662,37.139065,37.071835,37.040554,37.059422,36.93568,36.915791,36.877605,36.942329,37.089455,37.153595,37.114365,37.109432,37.050377,36.992264,36.915882,36.991688,37.01828,37.062767,37.1007,37.134136,37.107533,37.030041,37.032856,36.958344,37.081459,37.082397,37.090832,37.091717,37.076527,37.092129,37.105522,37.030464,37.003819,37.088657,37.100735,37.139236,37.10569,37.054935,37.085251,37.050804,37.074085,37.008949
37.143356,37.092216,37.142159,37.13855,37.191654,37.114216,37.081963,37.070259,37.006763,37.120071,37.117977,37.162098,37.144016,37.121975,37.130856,37.112316,37.091679,37.072571,37.074112,37.056477,37.154854,37.139374,37.144791,37.079849,37.118599,37.069328,37.076015,36.953236,36.934845,37.047657,37.149078,37.136356,37.121899,37.114674,37.101471,37.006996,36.963062,36.382099,36.972282,37.155655,37.157642,37.0952,37.05632,37.048046,36.984211,37.053177,36.886909,36.99128,37.11578,37.20216,37.134663,37.114948,37.071857,37.011864,37.088459,37.039024,37.062626,37.074543,37.120049,37.135593,37.124535,37.098553,37.054058,37.134903,37.102604,37.111874,37.122372,37.075375,37.094833,37.119888,37.088322,37.091476,37.124115,37.135101,37.151161,37.139648,37.156021,37.071274,37.10651,37.087353,37.114685
37.23418,37.194115,37.179657,37.193764,37.164108,37.202995,37.153774,37.1483,37.126053,37.229649,37.188507,37.182732,37.220703,37.163174,37.171219,37.149776,37.147949,37.139511,37.165867,37.156872,37.123592,37.204231,37.157642,37.174519,37.170521,37.128151,37.153687,37.182041,37.043732,36.996284,37.087582,37.178543,37.212158,37.15963,37.16901,37.128403,37.158546,37.068649,36.423756,37.031891,37.182243,37.191639,37.175064,37.112358,37.067249,37.170189,37.088554,36.956993,37.026684,37.178722,37.244621,37.184978,37.177643,37.110249,37.176369,37.146698,37.089745,37.106956,37.12236,37.171055,37.206722,37.206825,37.170544,37.209324,37.216057,37.15976,37.153431,37.127811,37.123169,37.166439,37.188026,37.151604,37.162247,37.20932,37.194267,37.185848,37.194572,37.214672,37.124172,37.172184,37.154797
37.172859,37.13765,37.165535,37.143703,37.171852,37.13522,37.148247,37.125217,37.122593,37.124962,37.130699,37.152184,37.170654,37.128082,37.165791,37.124516,37.152691,37.149826,37.149807,37.121799,37.111519,37.128273,37.146797,37.121696,37.108124,37.121056,37.122147,37.145409,37.145813,37.012039,36.958061,37.069214,37.144226,37.129208,37.142403,37.113541,37.163677,37.115292,36.98196,36.392113,36.995964,37.118835,37.161049,37.084671,37.067295,37.183231,37.117661,37.078552,36.933868,37.002598,37.115818,37.144333,37.156895,37.121586,37.130123,37.097755,37.140491,37.070293,37.062901,37.083858,37.110577,37.184193,37.139137,37.164234,37.148388,37.177662,37.153423,37.096203,37.107536,37.106789,37.156097,37.140972,37.09824,37.140789,37.205688,37.159351,37.106339,37.151176,37.14703,37.102776,37.134499
37.119717,37.156052,37.172657,37.155067,37.144085,37.167919,37.098469,37.13776,37.123035,37.179913,37.167709,37.199837,37.1427,37.151237,37.145237,37.145557,37.11496,37.134411,37.18774,37.157169,37.144569,37.133881,37.076374,37.113605,37.113197,37.113777,37.125687,37.142342,37.213257,37.148865,36.99556,36.948715,37.082855,37.164761,37.168652,37.098881,37.13308,37.190212,37.164089,37.022259,36.39291,37.005135,37.13739,37.192089,37.10503,37.155975,37.167934,37.158997,37.074249,36.928722,37.019718,37.122395,37.185295,37.186375,37.142082,37.160278,37.151794,37.136913,37.090916,37.088776,37.096317,37.14188,37.143078,37.171421,37.126785,37.14312,37.176369,37.112152,37.138336,37.130589,37.138645,37.10479,37.12262,37.16357,37.168274,37.145535,37.101341,37.125076,37.16375,37.152527,37.080967
37.160763,37.123974,37.185062,37.186405,37.158672,37.180546,37.162117,37.133781,37.172058,37.144367,37.123066,37.18026,37.15781,37.155952,37.114471,37.160194,37.12228,37.137287,37.183136,37.189644,37.179588,37.144321,37.122841,37.086662,37.140366,37.127922,37.121613,37.166561,37.200943,37.201263,37.133461,37.019447,36.946941,37.088879,37.145699,37.140015,37.080215,37.11343,37.186932,37.162006,37.014927,36.381268,36.98896,37.131092,37.149239,37.14909,37.138466,37.147987,37.139481,37.073547,36.929573,36.977535,37.11277,37.170918,37.140194,37.136391,37.129364,37.12468,37.119621,37.075829,37.049187,37.089306,37.134212,37.164322,37.169209,37.108902,37.139683,37.126316,37.103832,37.112022,37.102528,37.115803,37.084423,37.122608,37.169537,37.11763,37.126091,37.099129,37.130924,37.150227,37.150131
37.182899,37.183964,37.154385,37.208981,37.218384,37.195198,37.171192,37.182556,37.162552,37.187572,37.189083,37.233803,37.178024,37.166992,37.1609,37.160347,37.169044,37.160076,37.149399,37.165661,37.223492,37.203236,37.146637,37.088566,37.089806,37.116898,37.174362,37.13372,37.171997,37.204201,37.216343,37.139645,37.031284,36.956718,37.060463,37.138844,37.06879,37.103344,37.177258,37.202393,37.124428,36.976326,36.398193,36.970879,37.150864,37.108784,37.135704,37.149006,37.146046,37.151409,37.086956,36.908566,36.947235,37.135071,37.120144,37.114304,37.165558,37.129932,37.108273,37.096596,37.047894,37.084915,37.08152,37.08012,37.122936,37.120789,37.149574,37.129658,37.140789,37.128654,37.127262,37.142181,37.056347,37.129272,37.125137,37.153694,37.145103,37.15556,37.126785,37.161987,37.180981
37.120304,37.181946,37.189507,37.138557,37.196022,37.202896,37.164642,37.145134,37.183987,37.167538,37.188744,37.209335,37.207726,37.13504,37.15995,37.157883,37.142242,37.198261,37.100086,37.200497,37.174076,37.212303,37.161949,37.089321,37.069592,37.082447,37.150116,37.035439,37.123074,37.161263,37.160107,37.191895,37.146393,36.984127,36.925369,37.056889,36.998104,37.089207,37.09166,37.122459,37.172359,37.120354,36.98484,36.372463,36.979462,37.1022,37.114674,37.190548,37.147099,37.174618,37.160332,37.076298,36.911121,36.981953,37.101681,37.143684,37.163334,37.154839,37.124466,37.114254,37.122704,37.072777,37.059879,37.074036,37.105431,37.138115,37.148403,37.10762,37.140747,37.162807,37.133224,37.114902,37.019089,37.083977,37.164017,37.109722,37.111073,37.122116,37.136127,37.100208,37.139305
37.092346,37.18058,37.188255,37.18364,37.18351,37.197155,37.182461,37.172752,37.167656,37.087921,37.177719,37.189514,37.195732,37.204487,37.172619,37.163883,37.151672,37.182487,37.052601,37.176235,37.180813,37.196228,37.244637,37.164303,37.107697,37.072872,37.112801,37.016129,37.07745,37.119316,37.171078,37.211224,37.19709,37.129425,36.974598,36.923775,36.987144,37.034672,37.100571,37.118065,37.142174,37.17688,37.129547,36.996113,36.380459,37.051926,37.119194,37.148033,37.138626,37.165276,37.157188,37.116268,37.070225,36.924606,37.06617,37.145428,37.144512,37.190437,37.123314,37.129536,37.116913,37.133507,37.078964,37.054497,37.12812,37.135616,37.158283,37.141895,37.110619,37.151947,37.165516,37.142242,37.006172,37.07375,37.138351,37.15226,37.145542,37.137009,37.155437,37.178543,37.159145
37.066654,37.122425,37.170204,37.161617,37.114143,37.088238,37.034149,37.016739,36.998249,37.136585,37.149784,37.143589,37.19088,37.145214,37.129402,37.051788,37.041809,37.032211,37.117756,37.16898,37.163288,37.177555,37.155071,37.110939,37.074551,37.055729,37.032055,37.066551,37.169342,37.118324,37.134888,37.113487,37.145985,37.104805,37.06274,36.988377,36.919033,37.072559,37.171036,37.183949,37.126778,37.122337,37.103531,37.042767,36.99419,36.397263,36.980366,37.154137,37.174652,37.116402,37.089149,37.067436,36.995071,36.951378,36.905243,36.976952,37.105392,37.162128,37.151802,37.145927,37.09832,37.012775,36.95195,37.038952,37.053368,37.116608,37.155888,37.143318,37.091572,37.090878,37.066093,37.024204,37.117302,37.131935,37.150005,37.133537,37.128693,37.100922,37.099873,37.078529,37.063473
37.139645,37.095177,37.137321,37.158695,37.152527,37.108124,37.046894,37.027248,37.040009,37.179237,37.115665,37.176285,37.108696,37.147293,37.107834,37.100784,37.071999,37.05748,37.125793,37.149628,37.165897,37.140179,37.108528,37.130898,37.118309,37.089767,37.044415,37.041714,37.085014,37.107246,37.119164,37.122795,37.116028,37.097393,37.096935,37.005611,36.974995,36.91935,37.052719,37.134258,37.123703,37.095913,37.100037,37.082867,37.046741,36.989056,36.378391,36.980869,37.12162,37.175461,37.105602,37.06292,37.060169,37.00008,37.032333,36.899612,36.986134,37.096916,37.171772,37.180973,37.109795,37.095497,37.020203,37.099415,37.061653,37.064545,37.128635,37.109146,37.146709,37.158081,37.082531,37.044559,37.115894,37.124413,37.119301,37.094887,37.131451,37.11322,37.122139,37.103714,37.103649
37.211632,37.151924,37.090904,37.117912,37.168304,37.163666,37.095535,37.065269,37.03043,37.222908,37.163574,37.16674,37.140697,37.140026,37.151878,37.113323,37.11375,37.071442,37.155617,37.16148,37.153717,37.151512,37.153591,37.126987,37.155666,37.116207,37.10498,37.080826,37.067177,37.103622,37.143829,37.101147,37.13979,37.098259,37.133301,37.09119,37.122025,36.99342,36.929585,37.088867,37.135639,37.121014,37.128696,37.126106,37.072502,37.152184,36.95924,36.401489,36.980774,37.177715,37.229595,37.101639,37.083839,37.067841,37.150093,37.038387,36.930286,36.973587,37.114071,37.189079,37.129406,37.118469,37.068886,37.166676,37.170189,37.069736,37.107368,37.073299,37.080441,37.150581,37.129013,37.107441,37.131313,37.210068,37.171669,37.161636,37.126736,37.125774,37.123009,37.16222,37.132805
37.211674,37.2118,37.181755,37.105297,37.143658,37.187801,37.151321,37.117016,37.077278,37.213181,37.193066,37.23362,37.187004,37.173901,37.144169,37.186424,37.17033,37.137539,37.151264,37.217373,37.19006,37.207188,37.174427,37.163971,37.150841,37.144764,37.153431,37.1619,37.151546,37.148033,37.102898,37.134834,37.140816,37.160248,37.14782,37.141655,37.206177,37.166893,37.043434,36.974178,37.07988,37.125465,37.175068,37.170063,37.160889,37.191433,37.163834,37.018349,36.410236,37.032494,37.168278,37.186264,37.165344,37.111591,37.179741,37.160385,37.085938,36.916424,37.017349,37.146805,37.185547,37.191936,37.157204,37.157875,37.15979,37.175076,37.114948,37.075821,37.081451,37.131607,37.184818,37.202412,37.108696,37.180614,37.194096,37.143063,37.129234,37.132534,37.12878,37.192818,37.18531
37.145275,37.170864,37.18729,37.178387,37.136692,37.196987,37.12851,37.187313,37.158016,37.148891,37.192951,37.202953,37.18803,37.166363,37.162861,37.144211,37.164818,37.168797,37.151409,37.204395,37.189137,37.180588,37.142311,37.176289,37.184216,37.136971,37.132637,37.201607,37.208431,37.16246,37.129036,37.07423,37.174389,37.148453,37.151657,37.107578,37.21727,37.214542,37.163231,37.017597,36.918777,37.046429,37.156605,37.144421,37.132923,37.156261,37.190636,37.185921,37.01823,36.414356,37.011993,37.154964,37.202301,37.152431,37.125031,37.146996,37.136181,37.035809,36.91153,37.010658,37.115715,37.182507,37.153481,37.15226,37.163143,37.165207,37.152267,37.040707,37.074173,37.109734,37.151039,37.190708,37.122276,37.168022,37.195038,37.160271,37.149952,37.154842,37.135178,37.153229,37.181023
37.118649,37.142937,37.254395,37.214031,37.206238,37.154728,37.160103,37.173523,37.167828,37.180668,37.175705,37.238068,37.244473,37.178329,37.165371,37.186298,37.155785,37.198978,37.207378,37.258995,37.190041,37.211468,37.186523,37.165401,37.182682,37.174786,37.124916,37.179741,37.232155,37.202251,37.163033,37.13604,37.086292,37.15065,37.155144,37.128647,37.166672,37.216526,37.206482,37.18438,37.034271,36.926445,37.072491,37.152901,37.152714,37.09248,37.145508,37.23148,37.178879,37.031982,36.43261,37.009739,37.1614,37.21154,37.151321,37.144138,37.199368,37.199417,37.124695,36.94014,37.009949,37.14481,37.203579,37.167847,37.149292,37.155891,37.187706,37.147587,37.092319,37.104076,37.13242,37.180115,37.152454,37.199806,37.168877,37.166172,37.152527,37.156883,37.150829,37.18771,37.168457
37.154953,37.14299,37.147224,37.193432,37.200954,37.206413,37.091576,37.173244,37.154602,37.20356,37.162628,37.196899,37.225616,37.188854,37.167259,37.169056,37.173882,37.175907,37.175583,37.193867,37.21069,37.190475,37.189243,37.158504,37.175812,37.153984,37.162132,37.168556,37.194546,37.222099,37.180237,37.121956,37.152439,37.125587,37.125916,37.136036,37.146751,37.202469,37.177162,37.202221,37.156662,36.982914,36.919773,37.040138,37.171986,37.139404,37.115738,37.181133,37.198135,37.158569,37.008041,36.415314,37.013847,37.182343,37.138294,37.145538,37.182941,37.206169,37.173973,37.105362,36.91106,37.003044,37.138454,37.15881,37.181053,37.182087,37.183384,37.162621,37.167908,37.09388,37.104843,37.158997,37.091339,37.201687,37.208485,37.136276,37.152122,37.182549,37.155159,37.150311,37.170357
37.122696,37.151062,37.129902,37.101902,37.207901,37.212051,37.157597,37.0895,37.173359,37.155987,37.156162,37.232849,37.175949,37.158825,37.16925,37.152058,37.151756,37.191635,37.11628,37.192612,37.207851,37.246353,37.163769,37.167339,37.135277,37.164265,37.203884,37.145248,37.171574,37.194122,37.23642,37.177021,37.135933,37.080566,37.080582,37.126999,37.072636,37.14465,37.162701,37.216015,37.197395,37.105309,36.976486,36.900185,37.051712,37.068794,37.118591,37.150913,37.166283,37.210258,37.164989,37.009312,36.401894,36.997181,37.121525,37.15876,37.196251,37.181602,37.176598,37.141747,37.092926,36.950356,37.000175,37.135117,37.171631,37.191681,37.172607,37.150181,37.157982,37.137646,37.105999,37.097771,37.076565,37.151497,37.22113,37.165905,37.115314,37.141903,37.159164,37.156532,37.147099
37.120686,37.183834,37.203663,37.162357,37.130249,37.203377,37.173637,37.158913,37.105804,37.092663,37.170479,37.228554,37.226482,37.184326,37.164047,37.20808,37.169346,37.169437,37.08773,37.19276,37.187656,37.244579,37.206779,37.198509,37.164722,37.149246,37.169586,37.07988,37.167007,37.22245,37.212002,37.241856,37.198784,37.118542,37.098919,37.104908,37.024845,37.107029,37.169834,37.236744,37.208897,37.18737,37.128922,37.003426,36.934505,37.0354,37.063423,37.121643,37.14016,37.167221,37.183567,37.124645,36.977936,36.391777,37.056282,37.13422,37.167542,37.134571,37.123264,37.168129,37.123634,37.066109,36.939415,37.102341,37.147041,37.150322,37.192936,37.129475,37.144039,37.146481,37.142967,37.105339,37.046688,37.140213,37.155312,37.172253,37.172882,37.164169,37.176426,37.189384,37.160755
37.080421,37.14846,37.177914,37.132069,37.103565,37.061066,37.010345,36.98645,36.977509,37.103359,37.134403,37.211567,37.198036,37.091373,37.065407,37.031055,37.006382,37.017662,37.156532,37.177673,37.157608,37.216114,37.143597,37.091873,37.051792,37.030483,37.025829,37.140896,37.15152,37.170589,37.137684,37.139088,37.137051,37.089275,37.055103,37.0382,37.079674,37.094933,37.121204,37.128128,37.132622,37.149727,37.147873,37.048264,37.017204,36.93396,37.046947,37.153381,37.131611,37.122726,37.120506,37.115288,37.069794,37.038864,36.3876,36.969345,37.119011,37.14505,37.132072,37.05415,37.070862,37.014385,36.945049,36.93544,36.962799,37.114597,37.214756,37.18446,37.088715,37.083824,37.021919,36.990707,37.0881,37.084312,37.116848,37.137436,37.172585,37.154526,37.12711,37.090637,36.983124
37.107269,37.110172,37.119801,37.148491,37.143513,37.141651,37.029076,37.005295,36.974724,37.197247,37.094418,37.167019,37.184143,37.157684,37.13559,37.05452,37.036079,37.039639,37.185474,37.188499,37.157047,37.171318,37.160305,37.086071,37.090221,37.038887,37.039505,37.141884,37.129368,37.147369,37.12867,37.13266,37.147705,37.07119,37.115002,37.024216,37.097023,37.078014,37.115845,37.118225,37.155174,37.124897,37.154026,37.13892,37.052464,37.024719,36.931442,37.059689,37.135433,37.163055,37.149841,37.16581,37.152065,37.069382,36.991112,36.38435,36.956562,37.114559,37.188107,37.142467,37.081154,37.091122,36.992104,37.056213,36.917183,36.971359,37.15572,37.157417,37.176682,37.140415,37.099499,37.035816,37.110287,37.057301,37.088852,37.081863,37.123543,37.123165,37.153648,37.123871,37.120346
37.199509,37.141048,37.131062,37.141632,37.188805,37.187813,37.141331,37.060844,37.030495,37.241798,37.160706,37.153557,37.184795,37.17865,37.181095,37.122749,37.086681,37.096508,37.222687,37.195972,37.180935,37.193459,37.16473,37.173122,37.132439,37.114754,37.11219,37.186771,37.207932,37.158657,37.187382,37.169956,37.159698,37.163128,37.164524,37.106636,37.148109,37.109814,37.117943,37.165916,37.174084,37.144817,37.17392,37.166733,37.143353,37.141449,37.02338,36.944878,37.094017,37.177357,37.195061,37.141296,37.162888,37.117897,37.158539,36.995251,36.420856,36.979031,37.190823,37.206047,37.118023,37.079132,37.084976,37.178158,37.092461,36.971355,37.047085,37.131138,37.199673,37.201954,37.16967,37.139656,37.155766,37.161224,37.143513,37.121918,37.129665,37.163788,37.200203,37.193741,37.171844
37.167278,37.175686,37.12524,37.087341,37.13015,37.166973,37.137085,37.08839,37.076294,37.196335,37.210728,37.185558,37.094067,37.139809,37.162689,37.125771,37.130688,37.082642,37.160072,37.210636,37.191284,37.171253,37.149036,37.136799,37.16328,37.141491,37.116989,37.124699,37.183643,37.190025,37.150883,37.124695,37.152161,37.136063,37.155285,37.1409,37.161758,37.102337,37.107395,37.092968,37.141441,37.096535,37.145702,37.121429,37.15638,37.213581,37.153587,37.024899,36.914722,37.079342,37.177715,37.171364,37.135342,37.139927,37.158554,37.145184,37.012039,36.412971,37.017265,37.173454,37.205147,37.129971,37.071606,37.143749,37.195648,37.090115,36.967419,36.988991,37.132248,37.168507,37.193417,37.161465,37.109077,37.135731,37.15591,37.08511,37.07893,37.10812,37.141541,37.196671,37.166256
37.128052,37.196781,37.166897,37.155914,37.12376,37.19297,37.191746,37.188225,37.110813,37.170021,37.215225,37.231121,37.214874,37.159943,37.169632,37.198799,37.172432,37.12817,37.134567,37.206112,37.217869,37.218102,37.155933,37.186966,37.1441,37.168755,37.135216,37.20612,37.193562,37.225277,37.168877,37.145374,37.191906,37.143333,37.163197,37.134117,37.237709,37.207691,37.137703,37.117867,37.068436,37.135201,37.156452,37.151321,37.160152,37.205379,37.226662,37.172447,36.999729,36.950195,37.110256,37.16819,37.191273,37.177811,37.175442,37.195938,37.201683,37.012207,36.40538,37.029606,37.170662,37.202309,37.144485,37.173237,37.191845,37.186451,37.108852,36.939655,37.017509,37.136845,37.211365,37.201946,37.120369,37.171696,37.204502,37.133564,37.08474,37.113197,37.160027,37.172695,37.20805
37.125729,37.175415,37.189793,37.177052,37.168705,37.145634,37.136169,37.174194,37.166286,37.132648,37.154179,37.216183,37.238571,37.226971,37.100998,37.191391,37.200653,37.167698,37.181011,37.169533,37.207123,37.250401,37.204643,37.165916,37.190521,37.170456,37.144218,37.221428,37.208591,37.166069,37.228371,37.20676,37.17049,37.153694,37.179695,37.118805,37.229496,37.227165,37.186428,37.146893,37.150375,37.105045,37.163475,37.158283,37.20105,37.207237,37.243504,37.24321,37.171291,37.049252,36.950562,37.084206,37.165382,37.201046,37.135513,37.171757,37.245518,37.201332,37.045216,36.413807,37.003304,37.187885,37.207256,37.176132,37.19873,37.174725,37.202183,37.132729,36.944435,36.998631,37.156807,37.228779,37.15073,37.148544,37.215111,37.191143,37.166294,37.087826,37.074184,37.155663,37.190281
37.101788,37.087315,37.199844,37.191566,37.220406,37.204239,37.124245,37.169033,37.19994,37.174526,37.092873,37.216919,37.254642,37.217445,37.182243,37.116188,37.175575,37.193829,37.148872,37.180912,37.180439,37.231831,37.207874,37.16724,37.159245,37.198528,37.174519,37.201611,37.212135,37.226528,37.206062,37.204269,37.180584,37.158661,37.179863,37.127274,37.187904,37.231804,37.21048,37.221657,37.148117,37.105263,37.114368,37.147747,37.174248,37.192589,37.201801,37.237514,37.26226,37.179234,37.044243,36.920914,37.10358,37.211601,37.11982,37.090424,37.183697,37.259632,37.19569,36.983063,36.394394,37.026894,37.193123,37.174423,37.166424,37.165154,37.210091,37.172504,37.091972,36.963165,37.036747,37.19212,37.143333,37.188099,37.175697,37.165676,37.158314,37.158745,37.096485,37.122742,37.163074
37.100857,37.083847,37.125336,37.137569,37.192478,37.219357,37.166855,37.11055,37.118439,37.125027,37.133919,37.159187,37.133942,37.177795,37.142887,37.181774,37.096703,37.166744,37.10178,37.169624,37.165981,37.170929,37.205868,37.16573,37.137192,37.151161,37.155098,37.125526,37.142483,37.191711,37.182899,37.152264,37.134716,37.126308,37.14727,37.124096,37.139008,37.153419,37.177555,37.224049,37.172112,37.117455,37.101082,37.07782,37.127033,37.099728,37.12812,37.189095,37.193417,37.230534,37.179188,37.02298,36.956875,37.085621,37.042152,37.104866,37.109131,37.160973,37.20195,37.161087,36.994087,36.389587,36.969208,37.127075,37.146408,37.15554,37.168404,37.179535,37.154415,37.075058,36.938011,36.999573,37.070301,37.162701,37.179466,37.147545,37.114498,37.144428,37.132477,37.074249,37.085358
37.092758,37.128578,37.067608,37.0812,37.130688,37.18383,37.161823,37.134556,37.130978,37.103329,37.136295,37.205204,37.139275,37.108952,37.165123,37.188297,37.180046,37.11454,37.072395,37.157837,37.161495,37.229366,37.173851,37.190079,37.193695,37.165497,37.174114,37.101833,37.156872,37.199684,37.189991,37.16589,37.147423,37.135624,37.153023,37.126785,37.056328,37.146439,37.194687,37.218277,37.206165,37.170456,37.140106,37.103592,37.084728,37.050255,37.081341,37.137924,37.210449,37.218159,37.212936,37.134712,37.029263,36.947361,37.011211,37.064281,37.133266,37.125622,37.170139,37.210701,37.132545,36.99992,36.379841,37.087986,37.136066,37.165543,37.191647,37.150265,37.180218,37.156204,37.079826,36.959831,37.059105,37.131744,37.198357,37.206032,37.153824,37.139858,37.152344,37.136932,37.096825
37.076668,37.130466,37.116299,37.088257,37.091988,37.041595,36.985249,36.927448,36.941013,37.092957,37.123894,37.173985,37.124695,37.094082,37.034145,36.978916,36.941727,36.98238,37.048462,37.167747,37.18158,37.172318,37.124523,37.008408,37.011292,36.979794,36.981846,37.124683,37.134026,37.163216,37.187275,37.138145,37.080349,37.029526,36.995564,37.012802,37.127403,37.110168,37.145874,37.140697,37.137196,37.097591,37.079674,37.008965,37.007904,37.072868,37.118534,37.121693,37.128044,37.146336,37.12756,37.127586,37.038452,37.024475,36.930813,37.029739,37.119228,37.111923,37.117535,37.113163,37.098804,37.037445,36.984516,36.371956,37.003162,37.123219,37.205551,37.138134,37.045021,37.072647,37.020073,36.980927,36.911777,36.975891,37.139786,37.214516,37.166447,37.134956,37.100876,37.044289,36.985519
37.159012,37.121811,37.121487,37.161461,37.108459,37.141941,37.060169,37.028755,36.990456,37.142136,37.1091,37.126709,37.169743,37.141998,37.105297,37.054367,37.020584,37.008297,37.171371,37.116405,37.199165,37.190968,37.189255,37.101406,37.054863,36.992744,37.039284,37.166721,37.135872,37.197388,37.181824,37.202812,37.122665,37.059547,37.052731,37.014854,37.146099,37.147758,37.18042,37.193237,37.182869,37.166897,37.153641,37.081558,37.047699,37.096039,37.072693,37.165043,37.146736,37.167133,37.154343,37.160667,37.137791,37.079273,36.99958,36.929405,37.06638,37.15284,37.175846,37.113213,37.130951,37.114182,37.070381,36.987961,36.398529,36.999496,37.194496,37.18594,37.109398,37.091003,37.060104,37.022938,37.074692,36.947826,37.04287,37.165756,37.193115,37.161049,37.162766,37.121033,37.070381
37.167587,37.129063,37.113136,37.13924,37.154602,37.165421,37.084133,37.064468,37.01865,37.200218,37.151939,37.125362,37.119171,37.163116,37.137985,37.108311,37.074211,37.067612,37.196838,37.195351,37.114185,37.162231,37.170292,37.169155,37.132843,37.049355,37.055775,37.194248,37.182209,37.191429,37.174534,37.155922,37.179867,37.095562,37.123791,37.058941,37.172501,37.139618,37.14856,37.21207,37.164238,37.109303,37.145046,37.136024,37.115643,37.107635,37.085041,37.106743,37.154499,37.130905,37.158829,37.148708,37.159332,37.13768,37.148232,37.019409,36.951797,37.098049,37.149361,37.158985,37.140427,37.124905,37.118698,37.166733,37.021172,36.415249,37.049973,37.139931,37.189297,37.128445,37.075302,37.107792,37.154034,37.059628,36.966499,37.038979,37.152134,37.214352,37.200821,37.165623,37.144451
37.18713,37.159073,37.166443,37.130238,37.174767,37.1824,37.13916,37.112946,37.092991,37.24287,37.193035,37.184185,37.147957,37.163147,37.144897,37.157959,37.127865,37.10305,37.204319,37.228828,37.185238,37.145103,37.161148,37.184692,37.191055,37.117695,37.085014,37.213531,37.221382,37.233574,37.189148,37.203518,37.185844,37.172211,37.152763,37.076618,37.19886,37.22094,37.200035,37.214073,37.18774,37.13752,37.160866,37.167011,37.168159,37.216183,37.197014,37.184391,37.110374,37.176899,37.199196,37.163151,37.178844,37.184395,37.21064,37.199978,37.072517,36.999386,37.102493,37.193111,37.194214,37.185211,37.15406,37.242371,37.243809,37.078163,36.465469,36.996017,37.154381,37.219917,37.155617,37.144295,37.1814,37.219566,37.148453,36.978313,37.028214,37.17532,37.228645,37.204659,37.22364
37.225567,37.205311,37.20676,37.199215,37.189991,37.226135,37.188927,37.20636,37.165878,37.222439,37.260021,37.242813,37.223816,37.205612,37.205978,37.2402,37.197891,37.173351,37.163803,37.236942,37.248302,37.277164,37.162319,37.191154,37.239437,37.215115,37.175499,37.195545,37.259041,37.281624,37.263149,37.206081,37.244442,37.181042,37.198956,37.181023,37.252186,37.230934,37.251392,37.231396,37.225899,37.233688,37.224136,37.177956,37.213985,37.27309,37.246952,37.19664,37.136459,37.170135,37.234863,37.205612,37.202187,37.219791,37.29541,37.256237,37.222889,37.064644,37.00351,37.168381,37.241131,37.232468,37.171909,37.206795,37.273918,37.228649,37.058861,36.43232,37.030273,37.219242,37.270271,37.211884,37.195007,37.254303,37.240974,37.133545,37.00198,37.058811,37.181458,37.26564,37.265419
37.153305,37.167381,37.191029,37.165482,37.17477,37.155487,37.144623,37.172657,37.150673,37.130299,37.169136,37.201763,37.200523,37.184513,37.116329,37.173893,37.185688,37.173409,37.070305,37.168449,37.185913,37.247131,37.203362,37.088684,37.175369,37.174011,37.16494,37.186089,37.14661,37.221497,37.221901,37.185776,37.176918,37.162033,37.134506,37.137676,37.208778,37.17263,37.163841,37.203476,37.208809,37.151035,37.196358,37.202713,37.155125,37.202267,37.230209,37.156704,37.141182,37.146782,37.089481,37.135742,37.16143,37.140926,37.20071,37.181561,37.201485,37.176697,37.013161,36.963787,37.070499,37.165531,37.188866,37.132759,37.159592,37.211483,37.174755,36.996193,36.370064,37.0116,37.175762,37.208801,37.144951,37.166615,37.214806,37.169708,37.064556,36.934982,36.984917,37.155998,37.201969
37.12891,37.102119,37.178005,37.171261,37.197834,37.175049,37.104965,37.146687,37.156956,37.085529,37.092175,37.209087,37.190235,37.19751,37.162807,37.115993,37.163902,37.176506,37.10424,37.11322,37.160061,37.262337,37.223095,37.162216,37.08363,37.15876,37.176376,37.142155,37.161873,37.150082,37.240707,37.200359,37.215443,37.143433,37.187935,37.121979,37.188648,37.154335,37.194908,37.197556,37.182434,37.167183,37.182335,37.156025,37.161575,37.190498,37.180603,37.202545,37.179794,37.138493,37.084538,37.082924,37.168934,37.183861,37.160919,37.18483,37.221809,37.210522,37.15593,37.039497,36.942188,37.077148,37.142509,37.10865,37.121784,37.128654,37.246204,37.150757,36.987228,36.400826,37.0299,37.173267,37.119457,37.169945,37.170326,37.224449,37.133724,37.080921,36.950493,36.993675,37.144691
37.077728,37.104584,37.140575,37.146694,37.188267,37.228836,37.15247,37.096008,37.128208,37.134323,37.065269,37.140659,37.151913,37.20401,37.164967,37.196472,37.126614,37.157894,37.091892,37.155872,37.123009,37.178223,37.197777,37.167774,37.172684,37.075584,37.153008,37.155197,37.166977,37.197643,37.154182,37.200455,37.224174,37.170937,37.136658,37.16423,37.178478,37.173428,37.200222,37.21389,37.164612,37.19976,37.199799,37.169521,37.173275,37.154716,37.179054,37.200939,37.224697,37.185219,37.175201,37.107132,37.099346,37.140118,37.048843,37.153568,37.210194,37.224758,37.21397,37.157978,37.046711,36.973904,37.055763,37.076336,37.128681,37.130714,37.17033,37.187008,37.187321,37.00795,36.410736,37.023407,37.116589,37.174957,37.223103,37.203438,37.178345,37.163612,37.088505,36.962585,36.997059
37.078262,37.060337,37.088013,37.107327,37.148643,37.199276,37.12323,37.143757,37.087433,37.097404,37.116467,37.082947,37.088692,37.140907,37.148617,37.139851,37.13998,37.096107,37.085728,37.169819,37.161228,37.101494,37.144875,37.171597,37.194466,37.169434,37.093895,37.079403,37.153744,37.196968,37.180431,37.155346,37.174427,37.157509,37.185993,37.136227,37.080673,37.145016,37.210163,37.214081,37.179157,37.144783,37.145107,37.138287,37.152981,37.065411,37.132179,37.183674,37.200279,37.221424,37.13805,37.120533,37.116386,37.096588,37.0089,37.075859,37.179066,37.209908,37.204468,37.191883,37.126865,37.025829,36.923229,36.993019,37.05444,37.107803,37.145004,37.178463,37.209095,37.171677,37.013062,36.392536,37.067085,37.147167,37.158649,37.164337,37.140827,37.138115,37.172993,37.064808,36.907261
37.084877,37.091537,37.080456,37.135349,37.087128,37.069241,36.995045,36.928486,36.938011,37.119381,37.117313,37.159966,37.133259,37.096416,37.057663,37.003151,36.946701,37.004189,37.113083,37.183434,37.178276,37.178799,37.132122,37.056816,37.034706,36.989887,36.972198,37.095276,37.169563,37.182266,37.184437,37.127598,37.067341,37.061401,37.021629,37.005077,37.147896,37.158562,37.165642,37.182827,37.146751,37.121666,37.102882,37.05674,37.003971,37.15752,37.136585,37.142071,37.123142,37.167774,37.148754,37.079674,37.064632,37.026142,37.092018,37.127789,37.143127,37.170673,37.132641,37.163445,37.104404,37.08466,37.035835,36.958942,37.087425,37.200031,37.223934,37.154613,37.124996,37.138016,37.087437,37.067703,36.412357,37.026093,37.19627,37.239471,37.199051,37.110409,37.102627,37.043701,37.011963
37.140076,37.089039,37.082657,37.099758,37.125664,37.117786,37.06414,37.037529,36.970886,37.179523,37.12479,37.151115,37.133259,37.099525,37.095333,37.070812,37.017593,37.008644,37.176384,37.172398,37.161167,37.184292,37.171047,37.102829,37.06086,37.031254,37.044209,37.171837,37.099644,37.166756,37.199524,37.172447,37.127094,37.07972,37.044308,36.997421,37.154514,37.149426,37.179329,37.176907,37.183613,37.151619,37.165085,37.065594,37.026169,37.159489,37.160053,37.192493,37.158886,37.184139,37.171555,37.175957,37.115108,37.106197,37.104897,37.105061,37.161682,37.133537,37.146008,37.153286,37.147743,37.139633,37.110573,37.036816,36.987686,37.087311,37.189629,37.164196,37.138897,37.162369,37.149597,37.12043,37.003586,36.409634,37.053764,37.175648,37.22757,37.133801,37.13393,37.140018,37.052788
37.173073,37.146755,37.082516,37.087948,37.107723,37.151447,37.085316,37.047401,37.018734,37.193863,37.13921,37.118099,37.132236,37.147446,37.108353,37.096397,37.067554,37.023209,37.170601,37.135521,37.13092,37.162369,37.160477,37.118111,37.087597,37.024414,37.027676,37.175995,37.169735,37.078133,37.152699,37.169384,37.175625,37.082691,37.043758,36.99881,37.197048,37.164204,37.153183,37.192383,37.140179,37.171349,37.143406,37.113083,37.065006,37.188881,37.159103,37.153641,37.190727,37.178947,37.144794,37.171448,37.17746,37.114769,37.132011,37.109684,37.097385,37.161148,37.145828,37.115063,37.121685,37.193447,37.127205,37.167313,37.025112,36.949703,37.120842,37.128384,37.171658,37.143032,37.149914,37.150692,37.176018,36.988262,36.429829,37.012321,37.170048,37.180286,37.141682,37.095695,37.109188
37.199707,37.189613,37.152443,37.086929,37.104656,37.159775,37.120651,37.103207,37.070461,37.253674,37.166363,37.166355,37.126858,37.13525,37.131207,37.135197,37.104179,37.098942,37.214256,37.219872,37.204895,37.135681,37.126694,37.165726,37.166557,37.116196,37.068111,37.182362,37.239082,37.236874,37.144005,37.168091,37.207348,37.14352,37.120644,37.053013,37.164967,37.228329,37.25441,37.226063,37.172195,37.168007,37.203114,37.153133,37.148598,37.162369,37.1903,37.217709,37.195995,37.193077,37.171501,37.1646,37.19009,37.190689,37.185394,37.141701,37.134815,37.138458,37.15123,37.163639,37.18121,37.181652,37.184742,37.19503,37.181259,37.056164,36.993145,37.072674,37.18174,37.180279,37.14505,37.176102,37.180347,37.187565,37.050522,36.4384,37.033363,37.186279,37.222992,37.141697,37.131008
37.223656,37.210239,37.205517,37.215427,37.167549,37.188656,37.178726,37.200542,37.196205,37.248512,37.217201,37.224548,37.194622,37.169338,37.202961,37.223057,37.228607,37.206444,37.229908,37.271515,37.2393,37.243256,37.194752,37.190823,37.22649,37.191132,37.177017,37.194954,37.259525,37.264992,37.259701,37.161396,37.211617,37.209743,37.192619,37.113976,37.204857,37.265953,37.284969,37.236954,37.201756,37.227703,37.238441,37.229298,37.203846,37.225803,37.246529,37.242886,37.218594,37.245029,37.230259,37.192299,37.176064,37.248848,37.272243,37.221195,37.192951,37.15147,37.156876,37.221638,37.18911,37.196953,37.192825,37.253345,37.267002,37.204189,37.094543,36.969193,37.100723,37.230324,37.221634,37.210865,37.235176,37.285313,37.25843,37.083439,36.453785,37.066746,37.206142,37.241074,37.207397
37.222366,37.210945,37.146049,37.172016,37.201214,37.135139,37.135017,37.147213,37.149475,37.19067,37.19519,37.206364,37.210083,37.181141,37.119949,37.163311,37.14957,37.158825,37.118145,37.198936,37.225922,37.207001,37.162426,37.134228,37.140789,37.160484,37.17358,37.122189,37.184849,37.234138,37.206474,37.180626,37.104752,37.160637,37.185078,37.135052,37.206329,37.151093,37.233406,37.218983,37.208599,37.173237,37.202347,37.18047,37.203503,37.207485,37.193748,37.207687,37.210701,37.229916,37.199989,37.14769,37.197979,37.191231,37.229355,37.235844,37.20974,37.172695,37.159428,37.148014,37.168736,37.136391,37.164261,37.19249,37.228798,37.235462,37.199684,37.017639,36.928822,37.085735,37.150539,37.189518,37.116745,37.172337,37.263649,37.211403,37.036575,36.40641,37.004456,37.184914,37.21347
37.161308,37.172211,37.20071,37.219299,37.199333,37.228275,37.089275,37.108391,37.156254,37.121979,37.129093,37.215984,37.203156,37.186836,37.165688,37.130661,37.152905,37.20013,37.100384,37.130627,37.210831,37.228294,37.205841,37.173187,37.112968,37.155838,37.184116,37.161812,37.119221,37.158798,37.234398,37.187351,37.212341,37.094009,37.168098,37.153736,37.196396,37.195885,37.162899,37.245949,37.231606,37.216358,37.211594,37.214001,37.18615,37.211941,37.224777,37.219982,37.215691,37.23064,37.193901,37.168777,37.190266,37.202881,37.163864,37.21973,37.192921,37.214951,37.164444,37.149429,37.125732,37.137329,37.177872,37.189732,37.226997,37.245949,37.244297,37.168964,37.013515,36.963211,37.130234,37.174755,37.132408,37.138985,37.221714,37.260235,37.180965,37.022461,36.421196,37.048676,37.18932
37.148796,37.168869,37.25626,37.231113,37.22942,37.268299,37.214348,37.163643,37.20594,37.147747,37.157551,37.206451,37.214371,37.258068,37.216793,37.21434,37.177238,37.237259,37.17865,37.147633,37.206329,37.278786,37.24649,37.223717,37.206924,37.172817,37.207115,37.206337,37.236603,37.163357,37.222763,37.246971,37.300343,37.230541,37.15955,37.197674,37.24514,37.299042,37.267071,37.253101,37.2463,37.251438,37.252155,37.219482,37.228771,37.233501,37.262253,37.273918,37.276253,37.261253,37.279488,37.191315,37.220531,37.238365,37.167217,37.237564,37.245476,37.286236,37.2216,37.215523,37.152142,37.148968,37.183678,37.124016,37.230064,37.260548,37.311352,37.24572,37.190052,37.056499,37.022022,37.162411,37.100021,37.211334,37.206581,37.239414,37.270271,37.230579,37.07214,36.465603,37.080513
37.034397,37.089287,37.11092,37.170727,37.174061,37.189209,37.121815,37.137672,37.077232,37.132866,37.090244,37.109337,37.10675,37.169209,37.148945,37.159122,37.116638,37.145458,37.111233,37.186474,37.119297,37.12228,37.188168,37.192516,37.187992,37.127693,37.126488,37.102001,37.145775,37.184921,37.125561,37.12159,37.236477,37.183868,37.172932,37.072899,37.08136,37.162395,37.196915,37.239491,37.119823,37.15667,37.201874,37.165009,37.148918,37.141457,37.159302,37.212002,37.213333,37.194279,37.154953,37.150692,37.170631,37.191166,37.048191,37.155521,37.184147,37.239643,37.220455,37.184036,37.109093,37.116108,37.100876,37.057278,37.097363,37.15152,37.204681,37.217098,37.20837,37.140503,37.012512,36.965187,37.017113,37.110748,37.149586,37.125622,37.163502,37.244293,37.195488,37.028255,36.420284
