50631.77,104015.96,117338.09,129844.22,132399.76,135455.06,137690.4,140768.94,142424.6,98680.919,106624.17,121426.51,132743.01,137533.57,138130.99,140774.56,142232.1,144224.1,118224.35,120921.06,130375.85,137354.37,142093.24,144502.77,144568.17,145423.67,147318.12,126621.08,127925.31,134475.9,139638.91,142531.28,146733.01,147312.26,150224.86,150650.94,129497.47,133006.91,139990.58,144201.36,146821.49,146385.16,148713.28,150661.09,151674.33,133594.72,137711.46,141064.43,144798.57,144002.94,144608.45,148716.42,150794.2,152001.69,136443.54,140167.99,142990.58,147708.99,146246.36,145997.75,148572.38,151409.45,153868.76,137174.09,141855.01,146563.49,148744.66,149036.4,149049.43,149152.01,150211.94,153749.4,142708.36,144162.28,146662.72,149131.08,149076.23,150632.68,150589.59,150869.77,153893.92
102293.03,49629.579,103535.41,120180.22,130116.5,131814.43,135568.15,138076.48,140658.18,111712.42,101539.63,108448.41,124154.16,133619.37,135525.21,138561.98,141027.71,142199.37,125330.34,112857.51,122511.14,129364.68,137450.85,141204.09,143777.17,144287.67,145840.22,130613.64,124981.66,130451.69,135919.02,140069.93,143432.2,145344.82,148719.74,149502.05,133510.16,129051.96,135233,140530.65,144051.38,143721.76,146786.54,149253.56,149305.22,136380.5,132486.06,136825.52,141924.68,143913.55,142130.6,145316.86,148920.69,150137.17,138951.04,135045.58,139684.76,144411.71,146109.28,145190.53,145134.23,148328.57,151551.82,139437.57,136892.06,142057.5,146073.16,147803.89,147607.84,148581.65,148962.47,150561.32,143795.51,139978.23,142543.19,147347.87,148030.32,148271.47,149314.55,149964.89,151563.08
117718.24,107480.77,48943.104,103321.25,120384.18,129981.65,131704.68,134801.9,138265.19,125709.06,112258.78,101886.71,107795.95,125367.6,132966.21,136713.94,139366.19,140371.33,132233.02,123475.99,113548.79,121761.23,130124.36,136976.02,141751.77,143070.16,145350.7,136797.48,130010.34,124872.51,128121.45,135513.95,142025.12,144108.9,146764.44,147574.09,139991.46,134117.79,130335.36,135823.32,142972.06,142057.13,143889.23,146763.43,149518.11,141918.77,135568.14,130848.66,137853.14,141592.1,143575.82,143028.97,144660.87,148819.61,143730.46,139781.37,135037.81,140362.22,143648.74,146095.97,147088.88,146077.66,148995.5,145461.91,140496.45,138566.88,141555.65,145709.58,148154.65,149102.04,148201.14,149422.98,147964.46,143482.58,139388.08,143531.35,147459.63,148234.84,149223.26,149833.46,151604.5
129931.1,121458.56,102076.33,50211.469,102298.91,118361.53,129595.26,132687.01,134960.68,134031.38,126682.7,112477.77,99654.264,108038.16,123559.38,132945.94,136797.3,138025.16,139489.47,129595.65,122456.99,113129.95,120872.65,128937.86,137107.98,141380.74,142705.54,141236.81,136421.75,130201.83,123995.24,129714.57,135082.98,139750.65,144050.2,146185.9,143240.59,138642.83,134571.24,129338.23,136385.32,139013.78,142637.34,143691.27,146490.98,144939.99,141576.85,135320.09,131996.65,136887.78,141183.02,142914.08,142767.83,145431.72,145816.47,143452.9,138456.77,134806.22,138809.67,142836.11,146339.25,145219.54,145923.71,147408.99,144352.15,140817.99,137294.18,140928.26,144622.03,146752,147026.94,147698.74,150943.75,147041.92,141200.38,138743.97,142730.64,147018.37,147912.86,148600.45,150085.87
133046.44,131989.74,120787.95,102592.51,49637.508,101310.99,118991.3,131053.88,131832.31,136759.34,134674.02,125755.32,112864.04,100681.09,108691.82,124147.28,132933.57,136026.09,142155.89,137511.99,131481.47,122849.4,113049,121263.38,129773.33,136572.7,140078.27,143884.49,141472.46,136883.52,129502.87,123670.96,129746.43,135359.22,141387.44,142376.11,144365.6,144398.68,139146.9,134202.59,131266.64,134380.34,139797.55,141500.3,141847.33,145616.89,144291.29,141176.79,135689.6,132363.74,136987.7,140113.54,143572.44,141594.79,147020.39,145638.19,142222.35,137712.49,135159.54,138205.2,143408.61,144337.29,144575.51,149189,145416.29,144340.01,139443.65,136968.98,140502.44,144805.4,146109.32,146678.76,152177.89,148907.85,143755.82,140111.45,139184.85,142541.02,145440.79,147273.8,147580.87
134854.63,133219.18,130064.54,119120.9,102196.68,49163.619,102665.06,120370.71,129745.31,139929.19,137020.51,133031.58,125232.43,112465.83,101083.99,108057.18,124436.89,132685,144824.56,140677.45,137778.88,130151.83,123220.79,113413.74,119035.14,127511.24,135189.77,146735.23,143187.61,141674.2,135716.48,130790.14,123297.14,127975.67,135127.45,139886.7,146560.33,145156.96,144700.02,139986.1,136087.14,129293.75,134461.12,137739.53,142129.08,146872.92,145835.69,144577.37,140540.69,136189.62,132050.13,134842.42,140229.58,142849.26,148882.75,147797.49,145713.25,142951.22,137719.45,134377.47,139862,142757.81,145754.5,150910.82,148954.83,148774.49,143646.96,140812.99,137368.17,139392.52,143662.01,147250.65,155011.14,150592.29,147810.84,145347.37,141372.74,139130.78,142101.34,146274.96,148523.34
137666.93,136164.46,132144.6,130274.4,120561.02,101732.74,49538.623,105736.93,118589.08,142365.79,138976.82,134924.89,132041.21,125817.41,110575.7,96751.805,110301.23,125062.76,145618.5,143616.75,140970.15,136841.63,129992.33,122456.42,112197.43,119968.73,128578.94,148557.4,145645.56,143304.53,140745.73,136424.08,129087.72,123030.63,129041.8,134107.68,148324.22,147091.79,144857.36,143788,139761.01,133019.54,130091.38,134210.59,139240.74,150899.29,146730.29,144756.24,144891.78,140409.59,135939.06,130988.39,136737.58,142333.65,150488.5,147993.96,146932.35,146281.65,143114.96,137450.32,134860.38,138836.83,143807.41,151435.25,149712.95,149067.74,146304.38,144607.62,139310.78,136453.87,139551.89,144799.88,156773.14,153283.73,150091.01,147800.12,145557.1,140250.66,138329.12,142522.68,147341.21
141005.17,138625.5,134660.12,132288.04,131040.01,119160.87,107949.63,50121.686,105101.08,144725.24,142149.58,139625.18,136323.91,132518.75,124708.74,112455.17,102571.71,109758.89,148244.52,144902.91,143016.43,139335.95,137302.23,130482.75,123562.64,112633.74,120013.79,150093.75,147962.03,144613.04,142686.81,140391.18,136555.94,130003.27,123687.11,128080.2,151518.39,148849.87,146238.99,143866.67,142908.4,138621.74,134761.12,129369.02,132766.98,151687.56,148868.81,146388.24,144362.21,143078.13,141451.07,135525.33,130216.01,136162.34,152547.7,151144.99,148589.33,146415.51,145113.46,141861.08,138936.59,133682.06,138375.42,152226.38,150637.19,151096.66,148361.75,147653.51,143818.64,139101.31,136032.6,139994.92,157012.34,154009.28,151575.94,149374.07,148553.52,145177.69,140999.87,137705.06,143119.36
141211.04,140377.97,137874.15,135157.49,131689.2,128548.45,119543.41,99712.742,48790.643,146269.43,143458.02,142060.9,137661.26,134438.04,132590.3,125348.64,112116.42,97668.722,149514.52,147558.99,145184.57,142309.51,138709.81,137270.77,128603.91,121141.05,111519.14,152035.75,149360.96,147104.43,144147.22,142746.13,140127.91,135005.61,130089.85,123938.89,152400.45,150242.21,148237.06,144926.6,143664.32,140850.87,137501.04,133908.96,128818.64,153889.16,151462.32,147877.88,144720.78,144174.15,143739.11,140743.6,135322.63,132045.45,154993.5,152921.76,149736.08,147165.62,146792.82,145924.59,143291.23,137993.91,136620.32,155384.55,151398.43,152824.92,150810.42,148220.08,146347.75,143244.46,139631.2,136797.06,153433.74,156122.24,151868.27,151407.98,150178.45,147545.26,144904.73,141671.17,139701.45
102702.01,111687.67,124379.53,132650.46,136072.46,139333.14,141947.12,144121.86,146613.98,49840.837,107030.84,116987.45,127740.15,131974.18,135972.47,137919.46,140939.59,141891.48,100050.74,110101.11,125501.96,132767.75,136773.65,139095.07,141320.51,142015.46,144016.27,114068.97,120955.67,129648.73,137125.35,140799.24,143298.04,145254.53,146583.57,148484.87,123975.8,129725.33,136235.29,141409.57,145058.27,145711.3,148517.73,148760.92,150345.32,128619.31,133857.79,137627.24,142449.84,143339.33,145868.54,149393.15,148881.67,150611.02,132028.1,137479.37,139976.85,143257.81,144321.02,144903.43,148488.74,149471.23,151560.19,133359.9,138757.15,143374.38,146736.9,145955.52,145638.45,147149.95,149850.75,152022.64,139385.07,140706.7,144654.57,146629.16,148374.84,148151.84,148895.31,149842.41,153132.65
105919.23,101801.13,112148.16,125660.03,134254.11,135799.53,138486.54,141415.18,143606.28,101443.97,49365.416,101288.35,118952.13,129071.72,131325.2,135429.7,137031.48,140779.98,114196.54,101613.82,111313.02,123500.66,131800.33,135445.64,137878.44,139049.8,140712.99,122787.17,113184.98,121754.19,129392.71,136894.37,140663.89,143339.08,145254.33,144528.2,129012.41,123386.42,130416.06,136849.58,142148.62,143058.28,146519.43,148198.79,148445.82,133203.01,127743.2,132745.11,139419.6,142361.89,142287,145517.46,147898.96,149176.75,135343.27,131384.06,136440.19,140372.82,143729.77,142686.52,144236.16,148445.52,150378.38,138077.61,134415.7,139240.91,144061.5,145632.89,144547.43,145962.97,146962.52,149956.16,142017.4,137802.33,139983.97,144725.79,146891.15,147323.15,147498.19,149108.74,150266.8
123411.49,110303.19,98268.699,113635.03,127350.74,134839.31,136799.53,140239.86,142455.55,121085.01,103577.75,49386.428,102361.38,120649.35,129685.38,133155.95,135961.12,138779.24,128419.23,113058.4,100896.16,110811.08,125295.25,132923.9,137583.4,139073.47,140073.74,131261.18,123779.39,114696.92,122468.28,130139.12,138527.66,142933.85,144278.82,145016.21,136324.93,131969.75,126833.18,132724.55,140987.01,142406.8,144218.73,146796.85,148759.37,139947.27,135392.46,129321.68,136619.44,141366.12,143379.64,144220.16,146295.6,149274.04,142003.41,137395.01,133275.84,137383.83,142760.69,143934.48,144121.4,145927.28,149540.54,142898.07,138359.1,136990.54,140196.07,145346.16,146695.58,146274.68,146028.56,148228.07,147180.73,142130.06,138190.55,142037.52,146505.09,148012.28,148104.8,149259.94,149803.55
132544.84,125825.37,110357.19,100793.15,114401.65,125718.48,133810.83,137800.66,138823.99,130978.56,121478.84,103622.14,50154.052,104667.24,119918.8,131891.44,133311.81,136192.8,135660.57,126701.33,115609.15,97156.933,110851.36,124072.49,133535.06,136986.27,138302.03,136755.74,131494.75,125071.89,112544.66,122901.17,129962.67,136462.17,141322.65,142958.44,140399.01,137300.37,131617.28,127151.66,134870.41,137556.15,142163.82,144978.56,145798.86,144081.45,140370.68,134742.52,130463.44,136220.69,140964.1,142336.03,143074.84,146427.3,145471.12,142344.89,136279.56,131816.78,138737.11,142025.73,143719.12,142995.36,145899.81,147271.59,143228.27,140223.13,136647.24,141453.71,143825.88,146131.29,146515.77,146804.14,151319.03,145985.75,141035.06,137656.75,142170.17,147051.28,148247.27,148545.09,149953.08
137405.68,133932.17,124564.3,108878.28,101790.37,111139.37,125194.51,132245.72,135755.01,132606.17,130743.31,120436.42,105798.11,49220.798,102498.04,118383.53,128854.1,130906.98,136971.37,134170.66,125171.56,111270.83,100419.63,107993.99,123480.19,132223.14,134719.9,140949.7,136914.62,131424.22,123861.5,113705.34,121185.19,129716.73,136407.84,140386.6,143618.01,140029.27,137056.68,131251.52,127653.4,129674.91,136042.93,140051.11,142355.42,144660.1,142801.49,138391.2,133517.77,128349.25,134969.67,138693.12,140733.7,142647.36,144713.21,144026.14,139959.6,134956.51,132112.1,136850.24,141401.95,142253.2,141990.83,146763.42,144466.73,143061.9,137537.81,135058.71,138872.21,142493.1,143991.12,144545.59,150955.45,147211.87,142984.89,139205.82,137029.43,141218.4,144425.28,146416.59,147495.02
138703.39,137098.82,133556.73,125819.72,110540.98,98160.076,111305.8,126799.53,133668.13,137188.89,133306.03,130190.83,120048.24,104568.77,48945.053,101537.41,119184.79,129932.77,141505.29,136573.69,133824.86,125312.14,112245.23,101415.96,107074.26,123599.95,131483.55,143858.56,140006.77,138598.99,130962.93,122679.97,113661.62,121706.67,128479.15,135047.9,147205.03,143426.04,141777.77,136497.06,134127.47,124719.91,129196.38,136135.57,140281.68,147046.1,144094.32,144122.47,138635.98,135086.94,129188.58,133131.49,138704.15,141857.99,146135.36,145855.66,144295.26,141769.16,136740.58,131605.63,137243.47,141229.58,143377.81,149038.65,146851.23,146030.08,143455.82,139693.44,135811.54,139041.26,142238.1,144899.91,154124.77,150194.96,146563.4,144745.43,140802.41,138189.63,140938.73,145884.62,148058.38
140157.53,138510.92,137446.18,132753.51,124106.32,107541.97,101129.47,113303.21,125639,139017.96,135676.63,131131.09,129800.18,119883.2,104614.58,48668.283,103199.36,120871.69,143254.27,138926.46,136394.43,132529.12,126390.21,112777.43,101899.82,108385.94,124003.84,145532.82,143255.3,141112.9,137048.65,129837.3,123712.32,112617.66,120973.62,128840.96,147987.27,146423.75,144172.14,141019.13,136626.01,129815.88,125191.01,129145.36,135650.22,149320.41,145813.68,144439.79,143850.21,137900.51,134278.59,127055.05,133359.06,139537.77,149787.07,146642.16,144800.28,144359.7,140463.46,135074.36,131974.94,135500.82,141049.36,149837.61,147978.94,147353.12,144767.1,143748.57,137507.94,134253.92,137252.85,142714.73,155541.74,151198.27,148403.78,146701.3,144705.28,140273.05,136660.06,141365.97,146012.25
141597.44,140259.86,138910.31,135538.88,131570.61,123892.71,108971.97,103088.52,111707.64,140909.97,138846.18,135002.91,131653.01,128841.49,118597.5,106101.12,48829.63,103224.52,144345.72,141153.94,139525.42,136122.51,133154.02,125845.94,112839.84,101400.8,108659.18,147218.77,145454.48,143917.11,140404.3,137489.94,129881.46,122461.18,113979.37,122133.57,150033.75,147097.34,146724.82,142754.73,140452.45,137219.21,131177.39,124619.3,128642.24,151232.8,148303.33,145346.41,144674.11,143245.4,138517.77,133576.45,128057.83,133786.34,152701.3,149571.25,146062.76,144153.37,143182.31,140215.04,135920.45,131361.5,136949.84,152650.63,149971.86,150093.03,146825,145409.39,142744.98,138298.95,133243.98,137917.01,156353.39,153479.35,150624.75,148710.87,147669.34,143807.26,139892.43,136865.49,141214.04
143475.46,141229.08,141343.52,137981.14,137044.91,132354.82,124370.42,108685.98,100533.18,142791.71,140192.31,139943.48,134618.6,130607.21,130144.19,120920.64,102360.08,48831.885,146147.92,143020.63,141813.31,139778.17,136874.76,134797.05,126840.61,112417,100751.48,150760.08,146827.74,145652.13,144065.03,140810.5,138211.73,131064.99,124221.49,114850.34,153018.6,149376.63,147487.32,145509.85,143299.73,140773.89,136785.87,131254.16,124935.3,153258.08,151271.05,147361.41,145432.9,144280.13,143522.59,138235.74,133059.48,128413.44,154172.39,151323.66,148793.63,145474.68,144642.45,143638.27,140665.26,134843.87,131549.83,155270.65,152220.49,150646.54,147807.95,146861.53,145393.87,141510.34,137219.74,133508.47,157625.27,154541.59,150941.85,149019.4,148906.3,146502.84,143932.8,139907.73,136971.58
115815.86,123251.93,130237.28,138186.32,140415.77,141843.86,144483.24,146811.4,150195.53,101565.37,111574.11,125721.56,133367.66,135691.58,139911.83,142540.25,143728.28,146088.99,50456.263,106110.8,118469.47,129770.56,132664.7,136142.67,138813.56,140187.72,142626.02,103043.12,110368.31,124467.18,132806.2,136215.14,139482.9,141151.67,142487.65,144611.25,115689.57,122536.77,130478.65,136993.27,141836.83,144721.4,144678.33,147379.9,148345.52,125368.39,129997.38,135517.73,141004.19,143514.91,144981.32,147778.05,148521.65,150712.86,129384.41,133999.66,138014.7,142213.14,142826.49,146455.75,148380.19,149867.26,150565.82,130485.76,134800.11,139996.84,142357.02,142688.38,143174.17,147377.13,149938.98,149867.34,135145.57,137575.76,141299.13,143829.22,145158.34,145046.25,146606.57,149561.04,151953.46
119890.06,113780.52,122647.29,129808.75,136317.67,139946.38,143617.92,145828.52,148746.77,111184.28,102996.02,111707.68,124056.58,132563.22,136306.87,139223.62,142367.58,144675.15,104275.19,49482.422,104381.69,118778.89,129663.85,131702.2,135024.81,137346.09,139798.35,113798.29,102453.85,109304.1,123853.23,132332.65,136323.53,138075.46,140516.44,140823.89,123978.17,114601.47,122931.27,129690.38,139685.32,141476.65,143357.3,145366.33,145930.85,131382.39,126134.97,129149.7,136116.89,140794.24,143371.11,146197.03,147276.71,149319.61,133778.67,130720.72,133367.16,138927.44,141613.28,143043.22,145838.79,148404.84,150175.87,135392.67,131464.95,136964.87,141373.85,142541.16,142304.29,143628.51,147804.63,149308.63,141837.61,136099.96,139000.28,143415.14,144955.63,144552.47,144826.25,147383.5,151571.9
130755.66,122223.4,119160.09,123414.75,131434.98,136684.33,140067.47,143339.84,144902.37,126303.78,110775.05,103795.59,112996.04,124564.72,133149.55,135681.39,138702.23,141438.81,119975.24,101836.29,49375.529,106528.19,119584.21,129445.97,133090.76,134414.53,137542.78,125652.55,112950.89,102533.99,110141.78,124192.16,133050.43,136903.75,137807.39,141251.36,132318.78,124954.82,114101.57,122306.73,131395.81,138333.49,140751.77,142645.72,145210.15,136988.97,129722.95,125431.9,130030.28,136315.74,139758.21,142614.4,144974.41,147388.41,138966.62,132801.76,128852.44,134057.15,138327.72,141026.63,143141.85,145368.47,147974.63,139490.94,134487.3,129754.52,136592.61,140345.68,143262.37,141693.35,142768.92,147461.98,143517.44,137646.81,133251.02,137584.92,142132.38,143610.25,144400.1,144384.33,146856.22
137478.04,130184.34,121359.71,114357.62,123031.15,129053.76,137520.77,140656.12,143321.46,134227.17,126514.18,110970.29,100104.14,111962.84,124682.5,132652.89,136186.64,139205.68,131699.44,119797.87,104507.49,48999.769,103027,118303.81,130080.21,132896.54,134912.28,133977.33,125894.62,114482.82,102077.09,109652.17,124302.16,130837.45,135702.64,137411.04,138469.17,131737.69,125824.68,115221.65,125626.58,129974.48,137223.64,141828.51,141997.16,142379.04,135711.62,130615.1,125881.32,129652.11,136432.64,140539.35,142270.1,144438.22,144035.17,139763.07,133086.27,130135.77,135014.03,139542.12,141568.05,141317.5,145921.81,145441.24,140253.71,136489.14,132233.14,137542.01,141590.72,143072.67,142428.21,144209.62,147920.42,143247.5,138194.3,134777.86,138288.53,143280.18,146298.34,145402.16,145270.68
141310.54,138313.12,129956.8,121287.22,113952.32,123069.16,130408.04,137610.29,139263.4,137716.54,134069.82,124931.58,109624.36,97680.367,111539.27,124388.97,132943.43,136344.06,135799.02,130766.85,120313.67,102146.45,49101.892,105577.94,118669.49,128989.48,131884.15,137087.4,134115.26,127123.57,113039.45,97155.818,108876.87,123523.25,132273.85,134988.28,141347.7,138161.42,131654.54,125100.04,117781.1,121645.84,129453.65,137103.49,140581.6,144238.55,141287.26,136227.43,130360.99,125470.14,130576.57,135215.21,138439.31,142300.54,143947.52,143821.01,138804.6,133722.49,129451.53,134141.63,138278.99,140852.75,142375.11,145385.5,144056.91,141427.9,135243.76,131162.87,136149.05,139754.39,141766.46,141815.86,149134.18,146226.05,141584.59,138516.43,135027.5,138557.27,142276.09,144577.33,144357.7
143686.34,141896.6,138350.28,131626.27,124782.93,115195.48,124158.12,132229.85,138547.76,141122.77,138203.28,132987.27,124695.01,111054.03,98295.694,115191.23,127311.99,135692.62,139498.1,133480.34,131404.75,120815.67,102939.32,50665.418,102286.75,120351.65,131055.3,141280.91,136688.91,134439.62,126057.82,112820.2,100429.03,111404.8,126770.3,132018.51,144778.75,141666.59,138967.64,134132.89,127835.45,115885.98,123761.16,130682.75,137872.32,146972.55,144526.84,141289.44,137542.05,131661.92,126918.5,130053.94,136194.1,141334.77,147276.34,145920.96,143166.82,140336.21,135529.44,132122.07,135182.79,138930.86,143230.97,146906.26,145180.67,145565,142222.34,137698.11,134107.33,136929.11,140640.44,143449.56,153186.24,148663.01,146630.79,143685.04,139648.72,136970.38,139629.87,144144.22,146617.83
145534.41,143806.17,141654.18,138978.76,130857.12,120298.72,113743.66,125861.25,132857.3,141953.86,140460.29,137149.18,132637.09,125507.75,108598.66,98762.363,114878.03,129704.34,141106.73,135299.52,134206.33,130139.43,120490.8,102070.51,48399.924,104181.46,120370.89,142470.63,139271.26,136991.48,133671.45,126448.95,112300.78,98157.262,112235.68,124319.96,145954.49,143346.05,141327.5,138531.61,133373.35,124593.22,116675.52,123626.51,130940.67,148889.79,145892.81,143682.2,141394.54,136614.81,131257.09,125853.22,131231.58,137095.13,150000.01,147129.76,144865.1,143509.46,138563.77,135001.01,130543.09,134625.98,140479.25,149737.56,146442.62,146225.45,144547.62,142698.33,137837.7,132695.99,136561.65,142557.2,155066.63,149990.72,147855.31,146938.82,144178.96,139860.36,136451.88,139933.66,144571.37
145042.47,144402.51,142945.26,141277.58,136239.15,127643.92,119695.29,113875.99,121175.32,142043.17,139978.01,138039.16,134890.07,132574.59,122371.6,108089.22,103784.9,112828.38,141617.34,136596.8,135445.55,131915.01,130104.37,120667.47,106582.68,49878.576,102065.61,143315.42,141566.29,139303.49,136685.07,133048.8,126040.29,112400.69,98034.278,107698.53,147476.91,144893.58,143107.89,140410.38,138260.1,130522.7,124410.42,115089.52,121490.21,150513.06,148118.41,145980.84,143760.6,140487.33,136815.72,131329.64,125163.68,128314.6,151299.63,149206.3,146327.98,144210.37,143120.98,138588.61,134456.53,128938.71,133728.69,152280.6,149231.79,147125.63,144331.4,144652.33,140678.67,135993.18,130191.33,135605.59,155931.8,151797.2,147834.92,146515.71,145098.05,142264.27,137255.91,134763.99,138758.65
146580.05,145621.71,146044.5,143729.28,141146.27,135404.89,128775.21,120907.95,112780.42,145117.5,141633.1,140154.09,137137.13,135979.65,131973.46,123601.67,108423.87,98936.709,144318.31,139949.72,139704,134599.69,132805.34,129592.95,120617.98,101863.97,49844.571,145955.08,143788.6,141681.8,139488.02,136915.81,133438.4,126132.47,113614.1,104423.79,149925.11,147580.95,145751.45,144433.93,141354.41,137581.88,131172.07,125707.22,115074.57,153833.82,150563.99,148355.99,146549.01,144455.87,140677.66,136729.98,131797.58,125500.65,154043.36,150990.85,148259.43,144901.14,144315.48,143491.77,139364.44,133764.96,129335.32,154666.48,152796.89,150384.52,146544.9,144649.05,144369.63,140224.22,135325.75,131749.09,153020.04,154740.4,150057.02,148826.96,146333.27,145883.98,143123.94,139519.31,136801.26
125670.59,130163.89,134764.32,141224.3,142761.27,145095.83,147375.86,150573.14,152678.03,114623.01,123291.7,129620.47,135569.03,140834.78,142987.44,144888.23,148120.9,150724.26,100326.18,112269.28,125385.58,133448.55,135896.34,139397.76,141683.55,143424.85,146051.45,50459.583,101718.35,117323.86,128496.08,130933.67,134376.51,138259.38,141206.32,141746.79,101873.2,109120.5,124809.32,132793.8,137202.94,138574.02,140823.85,142765.74,144608.59,114615.38,122312,128883.76,136855.06,141870.52,144112.54,145593.22,145308.25,149276.48,123680,130636.18,134173.83,140176.73,143180.48,146084.51,148950.54,148776.93,150171.13,129197.54,132609.09,139462.88,142224.44,141598.82,145175.75,148995.6,150445.73,151419.73,134512.36,136784.69,140040.71,143382.44,142635.67,143852.17,147074.37,149567.75,150734.87
129138.88,125526.88,130337.38,136435.51,141494.63,143412.62,145428.1,147029.25,149729.02,123583.56,116109.26,124450.85,130731.65,137185.54,140817.62,144471.07,146198.78,147498.42,113739.37,98910.834,115152.43,126145.82,134164.93,136839.72,139269.21,142065.61,144236.64,104444.57,50559.972,100930.81,118180.3,130399.19,132309.59,135988.51,138483.4,140100.98,113403.92,103577.87,110824.84,124975.16,135314.44,137650.03,138181.63,141046.26,141982.17,124418.03,115172.63,120688.42,129767.84,138869.95,140380.88,144642.03,144784.86,146984.75,131456.69,125535.37,130416.92,136837.62,141026.43,144450.43,147400.53,148564.72,149638.83,134582.76,129027.85,134461.39,139667.36,142004.55,142249.57,146522.21,148264.36,149663.08,138276.63,132954.14,135531.32,141335.43,143386.3,143249.03,143918.61,147070.15,150742.98
135510.9,130236.08,124536.76,131731.45,137066.83,139705.38,143205.22,146095.57,146877.33,129899.95,123807.12,115297.21,123666.38,132396.22,137576.99,141480.12,144743.43,145976.73,125992.5,111501.87,102347.27,114193.85,126408.59,133460.93,136790.62,140092.32,141823.76,119495.38,101076.6,51266.787,102084.11,120198.45,129071.03,132460.49,135428.38,138839.36,125551.24,112592.97,99531.639,111856.72,128170.31,133353.07,136956.09,138869.85,141099.58,131023.54,124047.02,114287.83,123234.02,130953.63,138403.44,142806.44,143574.84,144783.3,136095.56,131819.17,125201.29,130842.07,136911.68,142047.28,144289.02,146081.91,148229.86,138859.68,134437.99,130671.38,135456.09,140545.91,143328.61,143933.9,146491.07,148459.19,142791.16,137204.25,131032.14,136868.58,141865.26,142826.05,143652.95,144940.83,149282.2
140382.48,137037.29,130515.59,125267.11,131553.61,136716.25,141990.92,144512.85,145509.33,138810.17,131450.16,123000.35,114484.85,125331.92,132536.67,138575.76,142289.99,144946.21,136561.85,125970.47,115103.04,100395.97,116111.44,125634.2,134630.46,137244.5,140354.64,130851.78,120575.62,104601.79,49341.306,105176.26,121300.53,131539.15,131830.45,134442.79,134619.45,127063.55,116669.99,104011.89,119473.34,126743.56,134291.4,136853.64,138373.33,138354.11,132543.8,124470.13,116909.81,123903.78,132227.32,137384.04,141860.96,143068.07,141527.54,137987.45,132816.74,127442.32,132422.94,138652.44,141992.96,143338.8,147319.83,144314.44,138775.88,136748.53,131713.59,137033.21,142079.4,142700.86,143973.42,146902.54,146548.73,142510.53,136464.7,133752.79,138091.12,142018.98,144897.81,144073.54,147255.48
142911.28,140495.12,136155.78,129612.93,125024.36,128279.22,136911.01,141689.81,143563.42,142276.85,138567.35,129535.07,121829.97,114567.23,122113.78,130461.75,137878.79,141444.49,138807.14,133444.86,126016.38,109588.98,104233.01,111358.13,125706.63,132666.04,136609.2,132716.55,130816.46,119936.56,107491.61,50015.537,102149.47,118830.82,129444.32,129923.39,136717.67,133699.7,126723.22,115036.85,105134.63,110254.27,124049.19,133421.94,136138.85,141434.05,138464.24,131087.8,124343.03,112914.66,121910.57,128542.22,136882.54,140403.43,143978.37,141344.09,135507.21,131607.37,125790.44,130620.77,136133.82,140053.64,143849.27,144153.43,144123.23,139194.01,134850.77,129684.23,134969.79,138186.44,142361.53,142166.31,147931.77,144123.88,140866.82,136988.82,132077.29,136208.66,141309.34,142714.23,143491.7
146287.95,145154.25,141489.42,136074.32,129841,123903.26,129314.24,136158.94,140141.35,145642.11,142257.49,137610.57,130379.2,121801.24,114118.01,123696.94,130674.98,138101.46,141877.37,138651.57,134483.88,125264.6,110192.51,104109.34,111758.08,125765.4,133636.51,135431.71,132873.36,131310.6,121355.8,107719.57,50299.028,102520.99,119211.28,127675.76,140521.88,136376.38,133808.46,127763.77,116883.79,102694.78,110731.96,124575.88,131598.83,143910.04,139802.13,137936.76,130571.39,123455.25,115490.94,120683.17,129380.35,135956.69,145477.25,144378.69,140975.89,136918.71,132010.17,126869.1,130123.5,135650.52,140304.33,146792.98,144013.41,144100.91,140330.31,135045.22,130537.62,134464.81,138314.63,142915.35,149773.49,145617.12,144440.76,142228.39,136768.29,132315.89,136428.53,139784,144239.75
147923.82,146129.94,144203.04,140540.67,135510.09,128226.55,124511.82,130940.58,135997.89,146284.02,143651.76,140366.53,137249.02,129651.71,121043.35,114419.55,123549.34,131636.18,142928.95,138850.21,137515.54,133131.78,125449.79,110276.27,103404.87,112866.94,125835.14,139241.43,136182.55,132071.26,130288.25,119555.74,102223.29,47619.94,103226.74,118612.65,143196.87,139258.52,136654.37,134021.47,127208.62,112214.75,102892.81,110725.96,123945.28,145651.62,144039.83,139925.28,137974.51,130600.98,124500.3,113643.79,120530.36,128270.82,148225.89,146999.25,144415.67,141239.14,135881.4,130884.32,124538.21,128401.81,136324.43,148185.39,145945.49,144764.05,143915.53,140049.84,135558.69,129010.91,132852.64,138304.03,152819.88,148411.24,144835.83,144653.64,141124.44,136062.93,131321.17,136097.45,141147.4
150328.48,149147.29,147211.24,144287.89,141124.5,135212.36,129402.02,125545.81,130933.47,147259.01,146613.97,144480.3,141259.38,137980.15,128778.11,121767.9,115649.26,124337.21,143928.63,141398.78,139539.85,136493.68,133456.63,126345.96,110877.7,98430.699,113415.83,141881.16,138489.78,134965.72,131772.83,130094.53,120283.52,107274.23,49237.098,106535.28,145039.57,141718.74,139584.22,136319.58,134518.04,125549.1,113330.59,98052.818,109333.94,148969.07,146096.94,144162.23,140470.47,138368,130736.17,123110.77,113224.4,119874.32,150434.37,147867.09,144898.25,144151.35,140807.36,137506.06,130734.18,124320.25,129706.53,151914.65,147780.22,146414.98,144617.75,143167.16,138953.1,134070.53,128584.23,133469.87,155248.52,151358.35,145745.5,144087.1,143748.4,141921.66,136832.73,131251.36,137655.92
150068.91,149214.78,148829.35,147113.63,143194.32,138885.51,135154.26,129027.6,126285.73,149003.42,145968.34,145402.32,142848.03,141546.57,136543.98,129057.99,123646.02,116505.87,146367.34,141249.79,142326.31,139261.97,136903.9,132413.44,124572.6,109136.58,100902.78,143178.07,141308.54,139121.9,134176.07,131995.37,129645.89,119434.36,103000.69,49961.359,146473.97,144168.37,143352.81,141361.89,137161.92,133742.71,125836.62,114906.99,100561.7,150918.7,148154.14,146106.84,144021.72,141499.69,137673.18,131049.13,123595.96,115303.89,152158.33,151619.58,148246.74,147428,144351.34,141392.8,136680.33,130914.72,126309.28,153066.69,151159.32,150236.5,147211.65,144489.45,142879.11,138956.92,134076.59,130853.32,152130.75,154534.77,149158.99,146361.1,144351,143731.41,142379.8,137556.66,134672.45
130760.04,134724.33,140006.03,144463.8,144882.15,145061.19,148887.09,152622.62,153804.97,126750.12,131993.98,137481.29,140316.01,143430.51,145405.78,147617.05,151010.67,153777.73,121188.45,125910.39,133267.23,139618.13,141842.23,144695.78,145942.24,148617.22,150903.03,103101.05,114769.66,125963.79,133006.78,138219.78,139950.15,142211.06,146176.94,146341.96,49999.867,103763.24,122104.02,132041.47,135129.04,136023.63,140200.71,141778.01,142927.2,99688.111,111318.99,124470.89,134704.95,137436.75,138988.26,141278.01,143114.38,145255.43,115227.88,124984.82,130498.51,138616.42,142105.24,144345.84,146128.55,147285.38,149347.84,126014.6,130214.67,137704.45,142437.24,145358.35,147153.32,148886.64,150880.3,151259.96,136518.92,136444.93,139580.28,143810.18,144207.67,147558.36,149174.9,150769.35,152662.77
134338.57,128843.75,134433.54,139304.78,142585.11,144203.18,146885.27,148829.42,150968.22,130020.66,125050.84,130437.02,134868.12,140636.75,142762.77,146501.86,146917.34,150812.27,123919.91,115481.54,125181.48,131866.12,137962.03,140032.59,143790.27,145764.96,148125.11,111095.74,103671.04,112502.46,124316.24,133460.31,136831.27,139831.8,141486.53,144061.05,107057.18,50103.206,103937.58,119971.43,132505.17,132378.42,136288.2,139097.14,141674.86,113326.62,102941.01,108911.22,125014.14,133777.16,137207.38,140139.36,140350.2,143515.71,123892.65,115391.07,122055.86,128771,137840.02,141404.53,144325.85,146010,146251.3,130990.09,124344.83,130598.85,135970.37,141165.25,143155.57,146627.96,146911.36,149311.93,137812.42,130060.82,133332.65,139061.81,142131.57,142689.18,145591.45,148589.36,151290.66
140190.74,135260.05,130010.91,135185.57,139370.98,142740.11,144599.06,146443.04,147924.84,136482.92,130770.85,126820.75,131132.02,136125.72,140380.04,144102.29,145915.85,147582.41,132049.42,123196.82,115996.97,125345.67,131616.84,137471.66,141644.95,144350.26,146529.64,125582.88,110492.27,102905.56,113866.26,125942.22,132225.04,137114.92,139632.61,141796.74,122014.8,103736.74,51281.958,102968.69,121682.46,129261.16,132293.93,135092.28,138864.89,126161.86,113926.79,101597.84,109297.34,125553.3,132665.51,136537.08,138454.42,140948.66,130164.71,124191.6,114900.85,122597.75,129104.54,136484.88,140975.82,142287.21,145192.97,136493.37,130853.69,126077.58,130831.21,136517.97,140167.09,143457.19,145518.96,147731.72,140718.26,133957.89,127961.57,133682.05,138450.76,141490.78,142406.68,145545.28,148798.27
142509.75,140118.19,135295.99,128299.52,133837.6,138561.61,142998.97,143942.06,144475.23,140599.63,138393.81,130797.12,125407.62,129684.42,135420.48,141242.4,143616.92,145185.49,137771.71,132186.24,122051.35,115322.39,123500.59,131397.61,138270.84,140649.1,143618.93,134925.34,125312.15,110668.1,103717.75,113619.73,126305.05,133117.43,135619.84,139264.21,131622.48,121121.94,102368.03,50483.868,106640.5,118902.26,128091.42,130957.66,134005.12,134208.76,126555.79,113797,100274.82,110268.03,125105.85,132103.34,135735.84,136808.33,138075.21,131402.91,123598,114514.36,121871.62,128774.25,136887.64,139510.67,142602.69,141137.05,136527.05,131528.8,124507.97,130782.32,135725.14,138444.7,140761.23,145647.03,143659.81,139565.02,133530.11,129143.23,132921.4,138929.63,140915.13,143048.35,145132.44
144205.45,142605.32,141096.22,133828.54,130722.85,133232.89,139639.18,142491.64,142720.84,143502.85,141319.5,138047.36,131909.16,125734.53,131084.41,135646.19,139230.38,142974.35,141963.02,138955.22,130474.83,123197.6,116113.31,124687.83,131959.95,137462.4,140565.12,136523.83,133688.31,126260.33,113395.3,104449.62,113446.31,124711.09,132623.29,135979.92,133646.63,131875.38,120406.89,102986.96,51377.601,106148.65,119453.79,127938.37,130419.39,136155.57,134269.52,127675.22,114073.66,102516.65,107691.09,123084.07,130754.32,134597.74,140568.49,138687.87,131321.59,125244.78,113887.97,121103.03,129655.17,135192.8,140013.72,143579.55,140976.71,136941.3,131297.42,125395.57,128407.08,134188.34,139324.58,141537.52,145641.68,142706.72,139259.02,134672.14,128805.9,132286.52,135510.43,139694.93,141316.91
146267.9,143337.47,142038.28,139703.61,134108.54,127688.43,133568.86,139019.63,142547.98,147413.85,143130.75,141699.04,136469.62,129563.48,125030.34,129238.04,135746.29,141305.65,145363.4,142428.75,138310.65,131513.76,122288.16,115730.45,123486,131599.41,137976.48,139393.14,137212.8,134457.84,125598.66,110029.91,103400.99,111938.08,125694.55,132931.68,136072.12,132435.5,129924.69,120913.28,105752.81,48482.534,100976.58,118364.88,129030.06,140090.51,135788.33,132906.28,125658.47,111497.38,98550.248,107733.02,121980.89,131279.77,143156.43,140395.36,137086.07,131064.73,123002.5,113327.8,120784.56,127908.14,136729.23,145867.65,142572.37,140103.07,135921.04,130966.95,124699.07,127651.15,134815.31,139362.75,148557.46,144970.82,142744.49,139319.24,135583.84,129060.92,133338.26,137010.2,142178.25
149714.24,146025.4,144170.7,140878,137967.09,133932.51,129907.37,134046.46,138571.99,148655.65,147322.37,143880.82,140167.93,135553.25,128610.75,125559.59,131610.73,137659.49,146762.13,144937.98,141928.83,137517.73,129912.85,122130.8,115631.07,124492.69,132481.94,142375.65,139682.59,137035.16,133246.72,124840.1,111003.88,104238.04,114356.82,126159.12,139460.94,135614.82,131661.31,130676.62,121923.65,100913.84,49413.628,102714.95,119679.52,141817.06,139832.88,135740.76,132746.14,124945.15,112781.95,101027.95,109856,124766.76,145620.98,144340.72,140846.3,136952.94,129775.91,123037.39,113482.35,120089.41,129675.51,148076.32,145529.99,144047.05,139741.51,136352.05,131853.93,124829.67,128469.69,135396.64,151153.47,147096.24,144160.28,143315.95,138073.3,134881.94,129309.93,133083.96,138786.42
150025.05,149035.86,147292.8,143306.22,140604.78,137598.03,133845.58,129193.75,133750.9,149193.98,148470.52,145929.87,144043.76,140449.48,134567.25,128921.24,125343.99,130152.42,147369.95,146124.4,143282.23,141335.53,137428.7,129866.61,122268.75,116165.44,124571.08,143776.53,141464.45,138615,135270.2,132715.15,124601.98,108807.5,98465.554,113088.37,140910.34,138316.81,135127.02,131239.07,129982.4,118965.87,101376.06,50854.986,102590.9,143591.43,142280.9,139569.22,135918.91,132111.98,125008.73,111861.15,100934.27,107791.24,148192.95,145995.54,142782.56,140735.94,137435.39,129733.74,123929,113071.65,120702.84,150512.47,147989.17,146220.63,142817.06,140157.29,135733.3,131167.56,124099.11,128164.5,153435.35,149710.46,146297.79,143893.99,141966.88,138771.92,134237.99,128997.98,134506.08
151717.48,149903.71,149161.93,145792.82,141583.79,139945.57,138234.22,132975.04,127795.53,150959.75,148576.94,147422.72,146347.07,141943.67,139308.49,135652.81,129196.3,124207.89,148216.2,145455.55,146244.32,143751.79,139992.59,136880.77,130931.3,121782.06,115640.47,144485.19,141933.31,139939.69,136078.08,135404.57,131589.01,123924.32,108484.6,102938.76,141973.8,141455.73,138031.77,134674.69,132066.21,129011.2,119708.66,106803.9,50451.965,145965.51,144308.98,142535.12,138787.66,135631.07,133349.98,125579.09,113198.83,102613.32,149474.96,148662.97,145121.89,143133.86,140136.71,137129.86,130488.61,122994.75,113649.01,152355.27,149117.63,148021.32,145860.53,143357.2,140083.24,136467.45,130317.67,124953.95,156214.81,151174.99,148463.4,146498.79,142984.6,142722.74,138783.73,133639.68,129599.68
132073.65,136138.2,140973.37,144136.28,145091.26,146168.76,149468.11,152688.51,154493.89,128816.06,133649.15,138804.43,142600.89,142986.98,145780.48,149023.19,150947.71,154062.43,125812.48,130737.88,137309.85,141633.27,143909.77,146608.28,148573.28,151166.84,152336.05,116160.66,123507.85,130883.98,136386.86,140240.88,143615.28,145947.84,149007.49,150530.69,100920.03,113040.95,127092.46,134439.89,138304.41,139220.95,141214.16,145431.03,147289.25,51326.312,102199.1,119115.4,127930.41,131420.72,135123.06,139674.78,141765,143947.85,102645.91,110647.92,124316.58,133652.46,136295.64,138033.71,141949.84,143143.13,145387.68,114511.9,121549.73,129674.37,137477.6,141176.98,143724.62,145510.02,146280.92,148192.05,128814.98,129355.92,135394.65,141487.12,143372.91,146341.16,147723.23,150272.18,150932.16
137431.38,130589.04,135062.25,140733.1,143712.89,144356.9,145960.04,148299.41,151166.91,133414.75,129159.66,132525.98,138746.66,142373.55,143792.32,146053.85,147979.52,150968.58,131765.57,125620.82,130978.26,136059.42,141669.54,142986.66,146432.85,147472.77,149864.33,122933.84,114093.81,122699.71,130384.2,137555.03,140317.27,143183.88,145298.09,148850.04,108446.32,101821.68,112643.23,126151.13,134995.11,136747.9,139948.95,141090.19,144218.06,106936.57,49847.311,100106.04,119637.94,129243.06,131795.29,136523.35,138698.85,141129.36,112370.12,102888.25,108387.62,123421.71,133122.47,136065.33,139201.52,140577.17,142668.51,123726.41,113457.71,122009,129645.55,137204.56,141017.64,143136.2,144701.93,146155.02,132455.78,125350.02,127961.41,135610.11,139696.72,143282.56,144796.46,148100.17,148579.91
141412.83,136566.81,131530.06,134896.41,140999.35,144385.74,145607.88,145850.51,147786.12,138862.11,135626.5,129251.13,133291.68,137982.28,142145.48,144130.93,146321.65,148130.29,136898.63,131326.38,125820.97,130855.42,135991.44,139919.89,142515.89,146372.37,148147.44,131355.31,122468.23,115204.04,122910.98,131072.3,137317.08,141073.6,143939.46,146444.97,124581.64,109995.59,100163.87,115536.11,129763.72,133802.18,137429.76,140435.48,143612.29,119596.49,103578.69,51446.312,105635.62,121149.33,130894.78,132116.03,136623.18,138713.11,125840.34,114469.84,99232.753,112479.19,126208.34,132780.11,137752.55,138904.88,141149.48,131979.36,123900.23,116691.54,123632.75,131018.43,137885.42,141815.45,142773.13,145550.93,139540.31,132801.94,123688.2,130385.39,135605.73,141150.89,144196.93,145009.24,147880.27
143944.55,141363.87,137530,130503.39,135342.58,140042.74,144183.88,144983.66,144570.37,142526.2,139838.55,134817.51,129159.91,133084.1,138486.85,143134.3,143493.82,144405.07,142485.3,138118.03,130319.9,125428.32,131321.15,136556.03,141374.28,143553.75,145131.73,138543.67,131567.92,122684.57,115516.15,124265.01,130700.84,136911,140929.72,143190.34,134494.02,125000.56,110509.85,98334.425,115692.4,124886.77,133468.61,136171.47,139521.81,130464.4,120571.39,106779.79,49481.514,102368.65,119621.85,128444.93,130559.33,135051.02,134718.36,126132.46,113587.19,101757.7,109553.72,124029.9,132687.55,135414.81,138635.37,138411.06,130858.29,125021.23,113564.61,122260.2,129618.43,135925.85,139564.59,143069.68,143013.58,138643.28,131298.82,124630.29,129534.05,136186.95,140664.84,142862.17,145618.93
144247.68,143598.7,141494.7,136449.51,131569.88,135256.31,141697.05,143745.77,145077.21,144018.36,142168.18,139731.36,134374.03,128535.67,133702.67,138359.79,143268.56,144004.51,145121.02,142167.98,135939.05,129617.12,125016.46,129713.41,137169.91,140728,143028.43,141923.52,139323.91,130772.17,122361.77,113579.94,122776.64,130015.99,137346.34,139342.62,137989.09,134779.02,125385.09,110901.47,103478.88,112126.33,124271.25,132911.73,135955.46,133192.92,131612.21,120856.86,102860.82,49540.695,102872.63,117819.28,128710.05,131961.11,137184.67,133792.64,125945.51,113187.12,103017.77,108079.83,123461.96,131693.06,136409.51,141360.13,137335.47,130846.54,124529.74,115385.98,122054.19,127901.56,136287.26,141093.86,145610.94,141187.14,137057.15,131473.39,125221.99,128621.37,134641.8,139003.79,142942.05
145141.73,142493.32,143333.47,141705.1,135993.7,130769.55,135888.64,141629.84,143284.91,146221.09,143087.53,142795.5,139986.51,134036.83,127955.05,133405.2,138146.51,143388.39,146355.48,143246.59,140366.75,136367.26,130714.86,125957.13,130708.64,136701.34,141425.02,144042.57,140030.72,137852.42,131725.12,122164.37,115175.2,123417.1,130214.5,136773.19,139867.07,137364.72,133867.94,124060.43,111379.44,103355.25,111567.46,124739.98,133057.54,134940.03,132413.65,130364.58,119758.33,105795.88,51013.772,105003.21,118348.96,128745.19,138877.57,137313.3,132806.14,126583.04,112376.82,101667.25,107277.25,121808.92,132569.99,143131.76,139850.04,137020.82,131239.34,123698.84,113904.11,119916.92,127024.85,135570.72,147799.16,142606.53,141034.85,136062.21,129948.34,124588.34,128108.67,133765.26,140079.12
149105.82,145114.64,142250.89,142478.44,140097.18,135045.68,130867.33,136393.38,141117.67,149503.36,146922.09,143838.88,141855.1,138728.53,132090.7,128024.77,133513.13,140047.66,149696.51,145953.81,143557.31,140094.7,135403.79,129456.34,125496.57,131221.26,137566.39,146273.41,143624.45,141656.08,136721.58,129755.22,121196.32,114384.29,123986.99,131529.12,140570.98,139323.61,137023.88,133289.89,125984.08,109063.61,98566.888,113562.24,127345.95,138651.29,135849.76,132108.86,129726.97,119390.8,102063.86,50667.937,103392.84,119818.95,143461.29,140576.22,135892.56,134583.64,125424.14,112870.12,98578.275,108607.5,125797.61,146578.84,143571.92,140384.04,137944.65,132174.24,124828.3,113994,120492.06,129994.76,150120.42,146853.63,143209.09,141523.87,136650.03,131713.71,125452.13,128523.49,135921.54
150611.68,149811.22,145083.92,142993.83,141633.39,139309.74,137029,131060.32,135993.52,150592.39,149329.46,145430.8,142124.08,140244.13,137440.07,133607.06,127657.47,133300.2,150603.76,148505.49,146150.66,143199.21,140630,135726.63,129861.42,125434.84,130463.86,147419.56,145714.66,144035.98,140171.76,137226.5,130237.85,120147.62,113838.16,123988.31,141929.82,140683.99,139226.34,136674.19,133340.76,123868.23,109511.81,102647.26,113810.3,141682.22,139985.59,135893.85,132173.79,129630.07,119208.79,106895.63,49536.908,102185.05,143926.67,143598.96,139485.64,136189.44,132309.06,124098.34,112162.1,100311.62,109328.96,149082.95,144987.83,144330.69,140886.64,137986.4,131704.07,123745.63,113021.36,120851.18,153363.07,149534.9,146579.73,143861.52,140147.55,136936.89,130973.96,125486.82,131074.86
152610.82,151031.99,149426.53,144446.41,141802.13,142456.59,142012.34,136396.28,131494.04,151442.78,150876.38,149282.7,146474.18,143008.34,140948.75,139074.61,133606.8,129368.55,150300.85,149187.54,148016.5,147035.42,143673.66,141275.06,136829.15,129892.78,125020.04,148626.7,146357,145545.75,142042.02,140535.51,136868.81,129098.67,119910.34,115249,145083.2,142146.61,140156.06,138916.52,137258.24,131902.31,124826.67,108206.48,98301.322,143116.45,140860.83,138023.44,135318.38,132344.17,129208.93,119775.56,100044.41,50945.612,146042.54,145572.18,141628.68,139358.32,135146.03,132262.94,125452.82,111917.56,97197.272,150086.11,148780.72,147243.12,143198.34,141655.94,137771.9,130919.89,123458.75,113359.21,154810.78,151246.13,147461.49,145616.1,143591.48,141445.76,136674.83,129924.41,125581.23
134107.98,136226.82,142459.7,145124.84,146722.87,148101.41,151995.4,153465.06,154832.6,131353.62,135562.21,139935.01,144118.78,144481.35,146180.07,149752.74,152186.14,155316.14,130705.22,133417.7,138970.7,144324.77,144347.97,145086.67,149249.47,153237.47,154521.44,124809.41,129485.5,136151.27,140349.68,143485.89,145803.43,148475.76,150562.91,153144.28,113871.17,123908.58,131259.71,138835.11,141509.9,142993.46,146672.88,148464.53,151316.82,99347.77,113235.68,124869.15,134179.16,135557.94,138885.8,142067.72,146260.96,147658.03,50343.106,103506.51,119962.99,130365.21,132004.53,135090.24,139278.17,140682.02,142710.91,99334.544,109405.15,123975.41,133532.76,136706.96,139305.97,141088.42,142639.68,143966.84,119264.04,123120.55,129394.39,138399.55,141137.52,143670.09,144356.99,146253.7,147134.07
139252.35,134604.61,138959.95,142926.65,145445.99,147622.41,148744.68,150755.84,152420.56,136879.78,133092.97,134949.92,141426.61,143743.35,144651.34,146698.88,149648.89,151574.27,134511.97,130377.43,133652.17,139410.33,143640.72,145224.95,146462.96,149724.88,152326.86,131938.66,124888.16,130231.08,137110.03,141010.26,144710.07,146236.87,147517.87,152305.82,123881.6,115987.94,123923.36,131990.16,139713.47,140197.94,144333.64,146164.13,150012.38,111138.87,103334.85,111934.34,125563.73,133895.06,136835.91,139987.89,142556.55,145826.26,107272.52,50927.085,101611.22,119025.18,129498.87,132387.71,136953.88,138043.58,141578.8,114007.2,102953.12,109712.69,123819.69,133449.91,136023.96,138133.93,140363.22,141660.51,127337.56,114663.03,120384.77,129533.81,136349.8,140709.97,142045.92,145003.8,145816.6
143785.52,139947.06,134777.69,137456.88,142295.96,144899.19,147462.78,148749.75,149644.39,141346.11,137376.24,131807.36,136589.69,140324.2,143222.79,145316.74,146088.03,148439.17,140304.3,134241.94,129456.59,133380.43,139691.11,142611.92,143905.49,146903.96,148585.86,135407.24,129536.18,124652.87,131111.31,136396.7,140422.49,142682.55,145425.22,148629.7,131032.04,122835.42,116397.34,125091.03,134144.26,137853.02,141579.07,143523.57,146883.53,125030.32,109798.64,103397.62,114888.54,125829.23,134391.84,136035.14,139554.23,142435.45,119943.78,103314.41,48293.62,102935.46,120244.87,129737.54,132097.41,134416.18,137494.08,126778.57,112995.33,100257.27,110739.41,126093.05,132653.84,135350.58,138671.12,139482.09,133885.93,124954.03,112852.94,121171.37,129201.75,137975.2,139878.35,142648.63,145735.5
145465.28,143483.94,140143.46,135025.94,138311.7,142223.7,146270.25,147450.24,147955.91,143386.92,141429.56,137362.95,131105.06,134862.73,140564.28,144462.28,144334.49,144993.66,142714.73,141079.65,134415.66,128614.11,135061.08,139862.53,142890.98,145077.68,145931.46,141037.96,136401.5,130277.87,124885.3,130821.51,135873.17,140294.13,143974.4,146873.33,137565.08,130797.5,122565.48,116260.91,126963.3,130769.64,138649.93,140320.8,143359.05,133262.26,125017.71,110618.02,102000.6,113494.74,126636.01,132525.13,135810.55,140000.8,131015.42,120156.7,107386.2,50379.775,103008.39,119055.07,130620.97,131909.26,136011.99,133499.89,125537.06,114075.63,103478.84,110580.01,124206.46,132977.64,136463.64,138426.55,139610.63,132188.05,124062.03,114091.73,121863.31,129757.34,137304.65,141170.36,143428.95
146019.81,144744.96,143416.86,138445.62,133278.93,136336.02,142443.3,145733.13,146435.21,144143.95,143719.09,142152.07,136805.16,130305.2,135649.19,139959.86,143446.06,143907.31,144132.73,142015.49,138773.53,134366.64,129248.62,134463.16,139235.2,142854.05,143288.78,144390.84,139876.7,135639.97,130589.78,124391.3,129806.09,136316.7,140855.04,142689.8,142073.41,138056.78,130773.8,122547.79,117249.31,122660.64,130738.79,137231.61,140150.46,136439.09,133547.33,125152.98,110616.46,103531.35,112947.94,124172.85,132516.05,136238.51,132329.07,130797.51,120761.61,103410.67,50984.238,100643.51,119897.69,128495.45,131303.31,136594.36,133680.31,126431.56,115137.5,104473.21,109317.8,123515.06,132048.23,135315.04,142449.17,138405.44,130993.2,125466.61,115539.17,121856.97,127650.78,135927.57,140964.37
146869.93,145511.98,145843.41,143088.76,138274.72,132115.46,137361.8,142461.82,144837.32,144675.44,142939.23,143097.49,140636.03,135410.45,130586.23,135302.76,140413.33,143196.52,146651.4,142976.33,142417.44,138922.29,133997.25,130269.58,133645.47,139052.41,143205.04,145971.31,143891.46,141147.12,136207.95,129479.04,125688.73,131109.88,136565.49,141467.24,143149.75,142197.66,138237.97,130402.37,123388.68,113686.48,124198.09,130962.09,137736.78,138237.29,136458.89,133643.42,125054.87,109640.02,98692.831,112863.44,125103.8,133574.41,134405.19,133378.67,129773.83,120830.46,106112.23,50457.738,101462.6,118446.55,129721.01,139815.79,135816.19,133591.9,126417.38,114228.94,104099.9,108851.53,122100.67,132140.13,145099.49,140632.37,137208.52,131236.21,123741.02,114931.03,120407.45,127077.58,137118.24
148389.86,146387.27,145827.49,145654.35,143149.61,138618.08,134362.27,138394.33,142553.64,148558.65,146335.71,142790.34,143371.24,140794.84,135502.9,130488.4,135129.91,141384.73,150547.96,147609.18,142695.62,141377.93,139904.26,134885.04,129088.43,133579.32,138783.57,149129.2,146024.41,144053.78,140739.06,136471.37,129163.16,124471.99,130901.4,136774.79,145306.01,143922.11,141811.14,138288.95,131612.03,121345.99,115111.84,122871.38,132295.35,140719.59,139773.98,136898.15,132825.18,124064.83,109328.18,103805.04,112812.06,125693.45,139279.05,136554.69,131751.02,132114.04,120436.61,107997.68,51100.952,101494.86,119949.9,142297.55,138826.37,136555.88,135051.03,126931.68,114651.25,102858.58,109100.26,125257.12,147333.11,143484.26,140845.87,138188.09,132346.6,125299.81,114178.44,120452.58,129655.1
151506.52,148096.56,145639.74,145264.84,145007.23,141527.92,137911.62,132515.06,137426,150137.29,148532.47,145359.1,142407.59,141938.71,139158.62,135038.95,130660.83,135689.83,151810.72,148830.78,146082.83,141717.32,140551.93,138638.43,134764.28,129373.41,134263.41,149312.62,147199.16,145448.49,142344.02,140589.96,135386.4,128228.18,124822.95,130297.13,146936.4,145757.45,143787.89,140634.97,138046.1,128968.35,121572.54,114999.61,125134.41,142608.85,141294.49,138926.93,136645.61,132532.7,123567.01,109147.43,97668.695,114089.98,141456.91,139701.97,135044.08,133113.54,129375.8,119621.15,103352.07,50595.423,104125.82,144398.68,142213.24,140530.55,136047.41,133410.68,126887.3,113209.01,103952.2,109644.84,150853.97,145607.45,143158.05,140965.47,137427.14,131447.56,124620.83,114962.4,123551.65
153157.51,150629.62,148609.73,145751.3,144343.71,143887.19,142307.87,137301.68,133359.78,151084.27,149884.05,148835.79,144236.5,141683.76,141058.58,140356.87,134528.66,129622.55,151306.61,149822.78,148795.39,144978.08,141352.86,140699.22,138257.41,132410.04,128677.1,149950.3,148970.95,147692.87,145852.46,142664.19,139821.73,134716.18,128320.28,124407.71,147597.65,144755.18,145191.34,142523.91,140804.41,136910.4,128406.5,121558.47,115315.69,143967.24,142832.75,139495.61,137412.97,135689.82,131669.6,124016.76,108132.27,102825.27,142773.68,140961.46,137474.45,135108.28,131015.69,128530.94,119324.42,105781.34,48972.823,146146.93,144188.85,142548.36,140217.19,136898.71,132087.34,125091.44,112272.2,103006.78,152337.92,148260.01,145973.96,144057.27,139700.16,137509.71,130982.62,123432.22,113786.7
137225.77,138973.32,144060.49,147664.63,149113.92,150483.86,153156.55,154516.45,155529.63,134650.3,138311.8,142917.11,145544.48,145901.51,148437.45,151152.16,153762.7,155495.31,131569.97,135435.58,141457.39,143815.39,145080.06,147147.23,150135.93,152575.97,154812.17,129176.73,134319.81,138312.49,143159.69,144527.6,146194.81,149451.3,152459.17,153769.29,126216.87,131211.03,137753.82,143269.15,144789.94,146247,148700.57,150882.75,154176.01,116184.17,124057.83,131513.35,138597.78,141254.62,143936.96,147206.07,149178.9,151798.45,99680.115,114728.25,126656.84,135880.07,137635.13,139336.67,142266.73,145179.36,148913.28,50502.629,106778.31,120303.05,130828.79,132034.04,135311.4,138717.53,142088.83,143648.08,104660.53,112301.88,125132.03,134389.63,137916.98,139435.42,141295.18,142083.63,145245.16
140916.4,135741.66,139303.25,144829.76,147078.36,149212.52,151513.69,152367.02,152884.63,138897.33,134339.67,137786.63,143225.42,145371.43,146764.81,149004.69,150574.76,153296.07,136709.37,132610.7,134583.81,141443.62,144241.07,145760.39,147358.73,150152.28,153325.32,134788.91,127896.12,134406.74,139898.35,143364.57,146245.42,146799.51,149091.03,153129.34,128942.22,124422.94,131654.39,138193.21,143333.18,143129.6,146265,147656.74,150961.85,122540.76,115243.41,123433.33,132099.94,137791.42,141018.17,143723.27,145940.73,149830.8,110884.05,99174.157,113651.99,125799.76,134403.96,137470.77,139888.14,141930.47,146771.87,102632.55,50380.101,104490.24,120349.7,130688.21,132442.22,135457.43,137970.7,141571.18,119106.13,101069.86,109806,125256.89,133876.33,138013.47,138806.12,140846.75,143234.45
145934.32,141333.72,138145.23,139706.82,143397.46,147368.72,149962.86,150833.69,151967.9,143042.54,140124.57,135391.81,139564.63,142537.73,145990.78,147557.71,148290.79,150681.38,140756.63,137179.14,131035.74,136800.96,141482.26,144422.98,145769.06,146913.87,150066.03,139180.5,134587.14,129441.43,135640.47,139267.81,143365.93,144916.88,146435.52,149992.07,137253.8,130212.41,125997.11,130994.71,138509.01,141087.57,144336.67,145706.54,148948.11,130106.7,121553.08,115219.85,125166.65,132327.45,138263.56,140108.67,142507.85,144764.27,124369.89,108422.47,103787.77,113839.18,126683.97,134072.26,135879.89,138418,141317.89,120143.88,107871.54,51830.816,102832.78,120764.38,129027.19,132121.31,134878.12,138036.31,127689.24,114269.58,102822.05,109512.94,125025.88,132836.99,136107.8,138847.86,139390.18
147992.94,145672.06,141377.68,136137.77,139007.28,142702.14,147608.56,148984.29,149334.45,146007.52,145035.81,139691.97,135263.38,137322.69,142681.8,145685.05,147242.34,148375.5,144354.12,142458.74,136637.7,131166.69,136434.22,141509.03,143505.6,145812.14,146682.64,142472.64,138862.18,134346.44,130212.88,133861.5,139412.91,143420.53,144728.58,146147.3,141790.94,137290.39,130733.1,126096.95,132351.51,136015.17,141900.92,144142.9,145652.22,137661.76,130651.21,122114.14,114830.08,124721.5,131662.13,136975.77,140308.82,143884.5,134709.33,124202.08,109144.25,101878.03,114984.04,125764.26,133839.07,135562.3,140478.38,130815.61,119857.38,102458.25,48558.781,102627.76,119789.37,128450.66,131379.4,135350.77,134746.76,126864.94,113411.67,100467.3,107876.73,124432.77,130477.48,135603.06,138033
148308.57,147371.59,146450.03,140639.74,136552.45,139077.01,144974.01,146901.39,148032.39,146785.31,146016.16,144030.93,140109.88,134499.97,137734.69,142358.49,145151.5,146464.44,144930.16,143917.88,140163.07,137187.93,131868.07,136400.21,141162.81,144440.75,144295.81,143244.97,142587.28,140029.45,134728.02,130112.24,134868.37,138956.48,143573.3,144368.63,143575.84,141381.1,136309.69,129611.93,127670.15,131051.12,136561.33,141696.23,143990.11,142277.73,137469.71,130187.47,122259.68,115003.32,123582.17,130798.12,136983.35,140564.4,137764.05,134024.29,125127.28,110826.87,105382.14,113501.82,126232.25,132568.13,137083.52,133453.2,130759.14,121115.23,103328.56,48998.75,102936.9,118767.37,129044.8,132136.67,139250.25,133593.88,126422.36,114580.9,103037.06,108008.22,122869.79,131701.64,136095.93
148717.63,148529.25,147761.94,146800.09,140418.38,135068.04,138930.13,143567.31,147205.47,146037.8,145932.5,146784.97,144168.04,138220.67,133160.64,136513.92,142289.55,145955.25,145212.08,143637.37,142264.63,141243.91,137535.13,132053.37,136239.02,141567.5,143348.51,146252.16,143473.21,142878.12,139687.89,134027.4,128801.37,135259.7,139387.41,143031.37,146417.75,144585.68,140178.93,135440.86,130402.6,125250.09,131388.06,135938.39,141189.64,144267.93,141756.93,138522.47,130256.79,121559.1,115796.2,125185.8,131737.2,138073.19,139669.16,138117.23,134374.92,124417.49,108627.28,104914.7,114002.21,126454.27,133973.31,135971.05,132260.97,130548.69,120129.54,107301.09,50806.517,101120.26,119685.09,129369.22,141462.24,136992.03,133263.38,126559.65,113596.82,101552.53,106934.76,123119,133945.89
149223.63,148633.11,149108.76,148362.02,144634.37,140258.69,137188.71,139560.39,144364.46,147527.69,146095.29,146486.06,146153.7,143214.2,137935.53,134424.66,138320.85,143178.89,147965.02,144425.82,141853.8,142396.61,141229.01,135959.41,131437.33,136670.12,141498.22,149394.49,146372.78,143463.62,142480.52,138850.23,133171.26,128664.23,134278.37,139545.05,149770.76,146235.78,142873.3,140720.04,136152.38,127886.46,125552.74,131471.93,137786.97,145801.86,143916.76,140933.65,136609.3,128989.21,120738.82,115427.2,124000.1,131911.89,140617.32,139106.44,136496.63,133065.9,123515.58,108132.6,103195.85,113212.93,126790.21,139787.84,135405.26,132518.25,130702.51,120781.18,102813.26,50547.154,102187.62,120834.33,143259.5,140761.34,136376.32,133172.33,127237.82,114656.81,101316.05,108298.72,126530.78
150979.99,149031.44,148974.53,148506.63,147696.23,143902.61,140949.36,136598.38,138909.62,150908.55,149053.78,146374.99,146505.8,143963.59,142566.6,139155.64,133945.17,138412.51,151587,149810.91,144689.09,142581.87,142520,140669.63,137048.74,130809.12,136817.45,151191.23,148318.67,146944.07,143564.07,142223,138432.54,133142.95,129716.41,135449.92,149461.85,148606.67,146432.22,143851.08,140925.36,135932.15,130336.81,125739.94,132226.4,146050.76,145707.02,144214.88,141674.83,137703.92,129426.43,121761.78,114736.8,125518.21,142301.38,141795.14,139174.51,137870.59,132234.19,123774.74,109948.79,103075.15,115278.21,142716.88,139171.01,137862,133113.56,131414.17,121064.25,108607.31,50417.038,104386.34,147464.38,143931.64,139153.8,138225.73,133723.49,126967.58,114970.11,98931.53,112571.54
153355.29,151206.9,149884.98,148546.18,147171.73,145569.74,145647.52,139247.61,136760.8,152175.39,150359.04,147558.51,146925.45,145254.51,144592.78,142564.22,138745.78,132460.59,150723.62,150835.17,148708.04,145642.05,142578.59,142972.62,141171.35,135127.23,130602.86,152046.12,149953.79,148415.59,145859.03,142062.84,141396.94,138056.08,133212.86,129705.74,149839.32,148694.12,147499.22,146164.57,141809.95,139236.64,135460.36,129302.55,126023.89,146693.12,146231.3,144007.04,143041.68,139472.34,136721.14,129681.3,121409.5,114452.47,143850.94,140898.24,140453.81,139318.35,135998.45,132777.42,123958.45,107738.64,104513.05,142476.9,141295.15,138392.77,135493.24,131956.45,129203.13,120001.83,101819.98,50857.182,148633.79,145264.04,141988.47,139951.89,135550.92,133368.13,126350.93,113084.1,99797.976
140684.13,141436.08,146757.92,149685.73,151421.98,152396.1,156749.97,157099.68,157582.1,139143.16,140901.65,145696.03,149658.47,149508.22,152832.49,154146.41,155253.67,157810.2,134279.94,140047.73,143048.1,148726.2,149255.82,150966.92,154029.06,154525.23,156850.97,133111.45,136526.04,141875.17,146300.17,146761.86,148382.92,151750.03,154626.79,156098.44,133637.08,136117.09,138791.07,143505.39,144651.63,147336.54,150405.39,153593.48,155208.74,126912.05,131143.33,137944.07,142205.59,144085.61,146313.43,150485.64,152018.38,153647.33,116793.81,125144.28,131857.03,137314.39,141359.2,142727.98,147068.39,150502.95,152923.12,105609.38,114592.97,125080.49,132997.12,136091.05,139670.17,142010.66,146157.35,148669.93,50040.203,107574.25,119627.84,129486.89,131980.32,136827.32,138511.2,141731.08,143449.51
143229.22,139379.87,141453.42,145607.06,148869.04,150579.73,153915.25,154705.53,155423.74,140640.58,136714.26,140055.31,144923.35,147408.15,149385.58,151511.94,153699.98,154550.28,136875.45,134812.6,138053.64,142924.94,145246.62,147668.5,150736.33,152408.29,154520.66,136668.89,131239.68,136808.44,142665.72,144141.09,145764.66,147403.4,150537.84,152768.09,135934.67,129102.81,133655.08,139111.11,143596.61,145390.53,147530.32,149310.99,153093.63,130115.09,124576.86,131769.22,136941.14,140903.12,143869.79,146240.24,148618.07,150688.06,121836.89,113753.66,123085.3,131744.74,137891.26,139601.73,143410.68,146238.64,149521.61,110191.34,102936.59,113810.41,126138.39,133166.66,136184.78,139486.05,142193.77,144645.89,104532.52,48244.429,106174.97,119536.55,129928.74,132540.69,134630.53,137924.51,140631.53
146603.83,142946.49,138727.59,141164.47,145208.61,148513.06,151072.52,152539.26,153077.44,145769.78,142301.49,135965.78,140935.36,144272.36,148631.27,149176.49,151677.77,152317.33,144223.69,138914.92,134779.67,138343.44,142635.14,145931.8,147844.62,149549.44,151340.89,140530.11,135243.72,131433.32,137222.29,142298.71,144176.91,145817.45,146466.38,150330.61,140714.06,134693.53,129079.18,136076.09,142101.16,142631.29,146496.14,146920.6,149385.92,136522.16,130466.18,124903.64,132290.93,138113.17,142560.06,143905.03,145823.44,148967.88,130603.31,123471.61,114531.44,125299.84,133512.28,137804.73,141410.45,143580.66,147435.4,124837.37,110527.57,100963.11,115530.39,127394.79,135073.6,136300.6,139694.88,142454.79,123984,105474.6,49960.71,104815.33,121146.44,130562.82,131918.14,135272.21,139257.43
148940.17,147745.8,142356.93,137171.94,140262.95,145387.77,149340.7,150406.69,151632.8,147790.3,145127.72,140696.3,137789.78,138730.17,144645.02,147036.51,149866.58,149601.18,144837.55,143955.64,138826.44,134684.42,139097.28,143322.98,145557.94,148051.96,148186.73,143121.62,140911.78,136360.86,132708.17,136219.87,141295.61,143703.07,144687.62,146268.35,142871.83,139570.57,133704.42,129524.89,134641.99,139461.08,144624.12,143893.95,146059.8,140863.05,136093.59,129619.7,124772.34,132044.79,137838.28,142069.55,143070.6,145107.16,138642.9,128554.07,120355.28,115036.67,125394.75,132139.82,138312.47,140571.94,145279.82,134223.06,125123.49,109649.74,102952.18,114194.8,125982.04,133004.21,136480.37,140932.27,132235.07,120498.77,107676.2,49873.208,108063.89,120602.13,128933.66,132757.99,136348.98
149170.71,148061.95,147670.23,142172.19,137070.28,140217.8,145559.81,148781.3,150309.18,148680.02,148135.02,145447.6,141422.2,136152.58,139488.95,143500.99,147168.24,148482.01,146434.48,145984.76,142370.05,138105.32,134635.55,138792.73,142919.14,145625.58,146289.59,142843.46,143005.71,142065.38,137207.63,130838.58,137264.03,141221.44,143406.79,144015.96,142712.84,141969.49,139715.34,133830.09,130082.97,135355.91,139429.32,142904.15,143382.71,143352.75,139819.55,135607.21,129056.97,125269.85,131217.42,136676.92,140679.59,143592.41,141157.41,137386.65,129732.88,122231.33,115911.17,124395.65,132133.46,137717.08,141577.86,138102.44,133491.1,125379.13,109103.32,99288.294,114463.34,125550.46,133604.78,136417.81,135395.25,131045.68,120564.02,103201.05,49887.135,102499.55,119230.22,128702.87,132447.19
149568.11,148675.26,148415.81,145669.26,142044.28,136837.18,138874.79,144051.31,146779.17,148457.21,147573.87,146363.69,145810.53,139427.69,134654.25,138400.45,142799.53,146307.14,145097.81,145390.08,144008.82,142401.68,137642.55,134923.62,137712.63,141892.62,144200.15,144000.82,141267.5,143159.78,140203.58,134972.09,130807.08,135561.66,140277.15,142263.63,145765.09,142525.65,140688.37,137994.86,133429.69,128237.46,134567.35,138803.77,143069.18,145075.52,142157.46,139846.02,133968.21,129545.36,125360.78,131622.1,135555.22,141448.8,144201.34,141655.19,137899.62,129990.98,120502.48,114522.77,124951.15,132037.83,138443.61,138959.91,137610.89,132739.56,123675.04,108649.72,98344.709,114039.99,125842.73,134932.64,138009.58,133508.3,130283.85,120631.56,101552.22,50675.261,102851.48,118296.03,131293.25
149701.83,151028.24,150190.92,147981.27,145837.07,142511.66,138130.95,139857.21,144648.02,148999.14,148614.28,148997.83,148122.36,144807.2,140659.67,135960.66,139912.68,144596.95,146763.03,145353.26,146147.48,145745.68,142607.5,139780.22,135336.56,138927.4,143411.18,148748.61,143975.87,143451.77,143690.36,141357.49,135722.47,131716.94,136855.92,141648.21,149702.43,145876.33,143372.04,140603.89,137939.57,132555.26,129018.7,134367.48,140647.16,147273.06,145498.03,143050.77,138933.71,134481.65,128629.43,126277.49,131141.42,138566.02,144927.04,143307.27,140847.6,136879.83,128949.51,120652.8,115902.36,125431.09,132675.73,141880.58,138780.97,136767.92,131870.85,122963.55,106978.93,103282.16,113145.37,127166.59,140402.93,136441.28,132907.81,130427.09,119843.42,101697.91,51730.101,103193.24,121593.11
150796.39,150854.82,150861.25,148111.68,148159.5,145189.21,142862.26,137179.64,139883.99,149620.53,148322.6,148614.42,147908.32,147103.16,144379.21,139854.09,136506.56,139878.96,150155.34,147701.08,145365.47,144709.43,144512.69,142933.73,138870.64,134264.88,139788.07,149877.69,147503.26,144495.3,142307.73,142564.82,139931.53,136020.77,129324.86,137037.23,149945.18,147979.45,145314.01,142136.31,140924.46,138908.33,132468.11,128814.4,134768.07,149178.14,147995.76,145078.21,143118.54,139368.35,133169.24,129470.28,125401.28,131257.11,147005.54,145331.22,144583.7,141789.61,137630.82,128852.87,121356.02,115222.25,125704.57,142757.21,141160.3,138874,137123.22,132521.85,122769.12,109013.12,103027.48,113997.88,143341.36,139615.49,135075.17,132545.86,129056.3,120384.16,103071.46,50774.883,106539.42
153573.76,151577.22,152024.74,151403.04,148251.67,148185.08,148160.15,143500.67,139317.95,154408.92,149915.33,149921.1,149703.34,147896.58,148104.58,146811.44,141727.96,136252.71,153572.93,152192.93,148057.86,146004.95,144779.67,145530.72,144438.12,138254.43,136080.44,151691.61,151881.51,149352.52,146213.82,143962.42,143254.53,140747.07,136368.14,133396.69,152653.58,150833.11,149680.98,145890.51,142659.62,141981.16,138713.68,134672.39,129592.91,150379.69,149606.4,148225.13,146591.97,143541.91,139738.52,136363.36,130141.11,126165.61,147182.29,145771.97,144835.97,143881.34,140237.71,136597.25,129853.78,121735.88,116310.49,145850.42,142710.28,139634.61,138110.64,136654.59,133407.28,125880.05,110123.92,102393.92,144602.75,141300.39,139016.5,135904.16,132922.58,130364.11,122196.38,109294.67,51261.191
